U,s,K,SSD
0.09999999999999999,0.02,10.0,1.0603629749525656
0.03,0.03,5.0,1.0606841987510351
0.09000000000000001,0.02,10.0,1.0626007708667948
0.08,0.02,10.0,1.0853463749096768
0.01,0.04,5.0,1.0883704243283352
0.04,0.03,5.0,1.106831202073195
0.06999999999999999,0.02,10.0,1.1317304421830758
0.09999999999999999,0.02,5.0,1.1515509417511953
0.02,0.03,5.0,1.1804110254704943
0.09000000000000001,0.02,5.0,1.2027391427473106
0.060000000000000005,0.02,10.0,1.223032637601272
0.08,0.02,5.0,1.2559025151482348
0.05000000000000001,0.03,5.0,1.2625509972387239
0.05000000000000001,0.02,10.0,1.2898063824023707
0.02,0.03,10.0,1.2937799788449604
0.01,0.05000000000000001,0.0,1.3107997085466188
0.01,0.05000000000000001,15.0,1.319582254180639
0.05000000000000001,0.03,15.0,1.3200566899862005
0.02,0.04,0.0,1.3204165014855145
0.05000000000000001,0.03,0.0,1.324171862582287
0.02,0.04,15.0,1.3275634922099684
0.06999999999999999,0.02,5.0,1.3586963963508596
0.060000000000000005,0.03,15.0,1.359927732473438
0.04,0.03,0.0,1.369844351189778
0.060000000000000005,0.03,0.0,1.391721688528694
0.02,0.04,5.0,1.403326802152647
0.04,0.03,15.0,1.4059733607752818
0.01,0.03,10.0,1.412749295938794
0.060000000000000005,0.02,20.0,1.4274840464371639
0.04,0.02,20.0,1.4542088320437712
0.05000000000000001,0.02,20.0,1.4592600531089885
0.09000000000000001,0.02,20.0,1.4670838064047775
0.04,0.02,10.0,1.472827614288683
0.06999999999999999,0.02,20.0,1.4772961692617974
0.060000000000000005,0.02,5.0,1.477514580858612
0.08,0.02,20.0,1.4798062467905213
0.09999999999999999,0.02,0.0,1.4917375563445656
0.03,0.04,15.0,1.494335010366943
0.06999999999999999,0.03,15.0,1.497283557557819
0.03,0.02,20.0,1.5045039396558044
0.03,0.03,0.0,1.5228794272966064
0.03,0.03,10.0,1.5275874156133844
0.09999999999999999,0.02,15.0,1.5538774305443919
0.09000000000000001,0.02,0.0,1.5555195772022736
0.09999999999999999,0.02,20.0,1.5803703385578622
0.05000000000000001,0.02,5.0,1.5967257123523464
0.03,0.03,15.0,1.6060779836171004
0.01,0.03,5.0,1.6098952862411933
0.03,0.02,10.0,1.6240737539120405
0.02,0.02,20.0,1.644827297703297
0.01,0.04,0.0,1.647644736463934
0.08,0.02,0.0,1.6640861875881292
0.060000000000000005,0.03,5.0,1.6718597608289745
0.04,0.03,10.0,1.681577150607313
0.09000000000000001,0.02,15.0,1.6925427258631114
0.08,0.03,15.0,1.716018546401157
0.08,0.02,15.0,1.7264988592605655
0.06999999999999999,0.03,0.0,1.7310503805113209
0.03,0.04,0.0,1.7648659018910733
0.04,0.02,5.0,1.81084901013108
0.06999999999999999,0.02,0.0,1.8200812660607706
0.01,0.02,20.0,1.8251670243456928
0.03,0.02,25.0,1.8316295697481977
0.01,0.04,15.0,1.8367448440444978
0.02,0.02,10.0,1.8467726079094964
0.04,0.02,25.0,1.8481024692799337
0.060000000000000005,0.02,25.0,1.8691577684442457
0.02,0.03,0.0,1.8727327662750926
0.02,0.02,25.0,1.897386860659781
0.05000000000000001,0.02,25.0,1.8975060383593807
0.06999999999999999,0.02,15.0,1.9522243665305303
0.06999999999999999,0.03,5.0,1.9736505737941805
0.01,0.060000000000000005,15.0,1.9950906400659454
0.06999999999999999,0.02,25.0,1.9959015728583005
0.060000000000000005,0.02,15.0,2.001074236797756
0.01,0.02,25.0,2.019923690262272
0.01,0.05000000000000001,5.0,2.0214775462375267
0.060000000000000005,0.02,0.0,2.0289614765853368
0.08,0.03,0.0,2.029413609439048
0.02,0.03,15.0,2.040841121640978
0.08,0.02,25.0,2.041439452197737
0.09999999999999999,0.01,30.0,2.056297716504786
0.03,0.02,5.0,2.071864043139787
0.09000000000000001,0.03,15.0,2.073810558743473
0.04,0.04,15.0,2.0999750671063047
0.09000000000000001,0.02,25.0,2.109919848084706
0.09000000000000001,0.01,30.0,2.1238870999149406
0.08,0.01,30.0,2.14439433061705
0.02,0.05000000000000001,15.0,2.1636612915962288
0.01,0.02,10.0,2.1642395093240476
0.09999999999999999,0.01,25.0,2.184613100969224
0.05000000000000001,0.03,10.0,2.2026082077371623
0.06999999999999999,0.01,30.0,2.214131220079733
0.05000000000000001,0.02,0.0,2.223961713970826
0.09000000000000001,0.01,25.0,2.243813011322276
0.09999999999999999,0.02,25.0,2.249360960811263
0.060000000000000005,0.01,30.0,2.2806909683169088
0.09999999999999999,0.01,20.0,2.2845470498058877
0.02,0.02,5.0,2.3014881507553526
0.08,0.01,25.0,2.3207883596440375
0.05000000000000001,0.01,30.0,2.3364641780034505
0.05000000000000001,0.02,15.0,2.3481322728006
0.03,0.02,30.0,2.370400466894305
0.01,0.060000000000000005,0.0,2.3748442077552934
0.06999999999999999,0.01,25.0,2.3800087975232525
0.09000000000000001,0.01,20.0,2.392966152594726
0.02,0.05000000000000001,0.0,2.4114586850378417
0.03,0.04,5.0,2.427723904100636
0.04,0.01,30.0,2.4391547123601787
0.08,0.01,20.0,2.439418028188973
0.01,0.04,10.0,2.4568181369225695
0.060000000000000005,0.01,25.0,2.468804417739696
0.09000000000000001,0.03,0.0,2.4778772995602396
0.04,0.02,30.0,2.483312524301383
0.01,0.02,30.0,2.497178333417918
0.04,0.02,0.0,2.498506274646197
0.02,0.02,30.0,2.5027375051009995
0.05000000000000001,0.01,25.0,2.502974372678303
0.04,0.04,0.0,2.5046558326050348
0.03,0.01,30.0,2.50487573193603
0.08,0.03,5.0,2.520252959556172
0.06999999999999999,0.01,20.0,2.5271777709456313
0.05000000000000001,0.02,30.0,2.5505056250080087
0.09999999999999999,0.03,15.0,2.555079167520756
0.04,0.02,15.0,2.5811236179397494
0.04,0.01,25.0,2.604657207406015
0.060000000000000005,0.01,20.0,2.610145182783904
0.02,0.01,30.0,2.614731164630795
0.01,0.03,0.0,2.634157576000437
0.03,0.01,25.0,2.6624553423687094
0.060000000000000005,0.02,30.0,2.666348102136175
0.01,0.01,30.0,2.688495634648927
0.05000000000000001,0.01,20.0,2.698389132070838
0.09999999999999999,0.01,10.0,2.7036217900842296
0.060000000000000005,0.03,10.0,2.7214517105549736
0.01,0.02,5.0,2.7346275380068454
0.04,0.01,20.0,2.7476631861073693
0.01,0.03,15.0,2.755420998011766
0.03,0.02,0.0,2.762565850585403
0.02,0.01,25.0,2.7916512214361338
0.09000000000000001,0.01,10.0,2.82103018068266
0.03,0.01,20.0,2.8385077479324727
0.06999999999999999,0.02,30.0,2.8567467162182525
0.08,0.01,10.0,2.863199420177029
0.01,0.01,25.0,2.8841176738919603
0.03,0.02,15.0,2.9064016976738003
0.08,0.02,30.0,2.924494958172424
0.06999999999999999,0.01,10.0,2.9510430842857964
0.09000000000000001,0.02,30.0,2.9579467957421577
0.02,0.01,20.0,2.962445470173152
0.09999999999999999,0.01,5.0,3.0035046118472075
0.060000000000000005,0.01,10.0,3.063133624418292
0.09000000000000001,0.01,5.0,3.0847344015703726
0.05000000000000001,0.04,15.0,3.0903928027434504
0.01,0.01,20.0,3.091294019447803
0.02,0.02,0.0,3.1361230410722514
0.09000000000000001,0.03,5.0,3.1630196807696564
0.09999999999999999,0.02,30.0,3.1801860481626107
0.08,0.01,5.0,3.1878956978086332
0.05000000000000001,0.01,10.0,3.210043795316473
0.02,0.02,15.0,3.218213849485402
0.06999999999999999,0.03,10.0,3.2326247229730285
0.09999999999999999,0.03,0.0,3.232937125503174
0.04,0.01,10.0,3.2623996266723165
0.06999999999999999,0.01,5.0,3.3007727095302886
0.060000000000000005,0.01,5.0,3.336448241655814
0.09999999999999999,0.01,0.0,3.337893606691498
0.09000000000000001,0.01,0.0,3.3576447378042276
0.03,0.01,10.0,3.366163365414718
0.09999999999999999,0.01,15.0,3.3941887279976695
0.05000000000000001,0.01,5.0,3.4386969487979506
0.02,0.01,10.0,3.479751927665179
0.09000000000000001,0.01,15.0,3.5121537553920366
0.08,0.01,0.0,3.556041531563698
0.04,0.01,5.0,3.577682552734794
0.08,0.01,15.0,3.6068589842701786
0.01,0.01,10.0,3.6329241860754027
0.06999999999999999,0.01,0.0,3.6597151791645346
0.01,0.02,0.0,3.690337031134042
0.06999999999999999,0.01,15.0,3.690618842564596
0.03,0.01,5.0,3.705465903005443
0.060000000000000005,0.01,0.0,3.734617133577624
0.01,0.02,15.0,3.7507489670703738
0.060000000000000005,0.01,15.0,3.798896506446795
0.01,0.03,20.0,3.8211825814903206
0.02,0.01,5.0,3.8309021402905437
0.05000000000000001,0.01,0.0,3.862237184354657
0.05000000000000001,0.01,15.0,3.9162191246972076
0.09999999999999999,0.03,5.0,3.9508253221401386
0.02,0.04,10.0,3.9566544722744355
0.04,0.01,15.0,3.9836540177115602
0.05000000000000001,0.04,0.0,3.9954019846884568
0.01,0.01,5.0,3.997422224812716
0.04,0.01,0.0,4.000208335186442
0.04,0.04,5.0,4.040805081683799
0.03,0.01,0.0,4.094508839820411
0.03,0.01,15.0,4.158763654115152
0.08,0.03,10.0,4.210866318107832
0.02,0.01,0.0,4.277254753381997
0.02,0.01,15.0,4.300251472873147
0.02,0.03,20.0,4.412488391809142
0.01,0.01,15.0,4.4625196661149005
0.01,0.01,0.0,4.469239091746841
0.03,0.05000000000000001,15.0,4.537836224927727
0.060000000000000005,0.04,15.0,4.618674502159141
0.09000000000000001,0.03,10.0,4.944920277173961
0.02,0.05000000000000001,5.0,4.9873793955812085
0.01,0.06999999999999999,15.0,5.183188825236473
0.03,0.03,20.0,5.220410300834129
0.03,0.05000000000000001,0.0,5.242370213588422
0.060000000000000005,0.04,0.0,5.372410261083668
0.03,0.04,10.0,5.771219528553451
0.01,0.060000000000000005,5.0,5.993156624969146
0.01,0.06999999999999999,0.0,5.998075780527189
0.09999999999999999,0.03,10.0,6.042385388834834
0.06999999999999999,0.04,15.0,6.14232769562055
0.05000000000000001,0.04,5.0,6.2435172852558525
0.04,0.03,20.0,6.318661478345603
0.01,0.03,25.0,6.607816353994418
0.02,0.060000000000000005,15.0,6.615426096902026
0.05000000000000001,0.03,20.0,6.796328801785097
0.04,0.05000000000000001,15.0,6.963165490269662
0.01,0.05000000000000001,10.0,6.972098750503285
0.02,0.060000000000000005,0.0,7.423140008365523
0.02,0.03,25.0,7.542335057184442
0.06999999999999999,0.04,0.0,7.708520051200087
0.04,0.04,10.0,7.734349619569909
0.060000000000000005,0.03,20.0,7.948042243396564
0.060000000000000005,0.04,5.0,8.047379370867507
0.04,0.05000000000000001,0.0,8.574384870185833
0.08,0.04,15.0,8.790658321668506
0.03,0.03,25.0,8.956542152952993
0.06999999999999999,0.03,20.0,9.394250724511865
0.08,0.04,0.0,10.120249122101791
0.03,0.05000000000000001,5.0,10.200892096627905
0.04,0.03,25.0,10.360422630198597
0.05000000000000001,0.04,10.0,11.001037224356187
0.01,0.03,30.0,11.067184615230866
0.08,0.03,20.0,11.163728764892086
0.05000000000000001,0.03,25.0,11.198740167185512
0.09000000000000001,0.04,15.0,11.831186167441723
0.09000000000000001,0.03,20.0,12.032212998057737
0.01,0.08,15.0,12.178048131154801
0.06999999999999999,0.04,5.0,12.360584767330218
0.02,0.03,30.0,12.667594075160105
0.060000000000000005,0.03,25.0,13.094034485423684
0.09000000000000001,0.04,0.0,13.230834642459788
0.05000000000000001,0.05000000000000001,15.0,13.465453044458158
0.02,0.05000000000000001,10.0,13.785867394020814
0.01,0.04,20.0,13.838733284871344
0.01,0.06999999999999999,5.0,13.880699393556156
0.09999999999999999,0.03,20.0,13.895058882842823
0.08,0.04,5.0,13.994577959023772
0.03,0.03,30.0,14.002491806519382
0.01,0.08,0.0,14.079490825005989
0.09999999999999999,0.04,15.0,14.147556857958783
0.03,0.060000000000000005,15.0,14.194137402780072
0.060000000000000005,0.04,10.0,14.511725655998768
0.05000000000000001,0.05000000000000001,0.0,14.544745545557058
0.06999999999999999,0.03,25.0,14.660276306537774
0.08,0.03,25.0,15.14720318433415
0.04,0.03,30.0,15.808939806146613
0.02,0.060000000000000005,5.0,15.943779394301918
0.04,0.05000000000000001,5.0,16.066438663399598
0.02,0.06999999999999999,15.0,16.39938738190387
0.09000000000000001,0.03,25.0,17.216627585182273
0.060000000000000005,0.05000000000000001,15.0,17.327671785134815
0.03,0.060000000000000005,0.0,17.511589173257338
0.05000000000000001,0.03,30.0,17.537338910846216
0.09999999999999999,0.04,0.0,18.45834408692187
0.02,0.04,20.0,18.516799987579876
0.060000000000000005,0.03,30.0,18.559818736658556
0.01,0.060000000000000005,10.0,18.947617034789634
0.09000000000000001,0.04,5.0,19.043434674884782
0.02,0.06999999999999999,0.0,19.271321204033583
0.09999999999999999,0.03,25.0,19.46644646109944
0.06999999999999999,0.04,10.0,19.95157282245815
0.03,0.05000000000000001,10.0,21.219329239615533
0.06999999999999999,0.03,30.0,21.527361437315623
0.03,0.04,20.0,22.38323960950123
0.08,0.04,10.0,22.54809050957122
0.08,0.03,30.0,22.893133588110185
0.060000000000000005,0.05000000000000001,0.0,23.312901021134667
0.09999999999999999,0.04,5.0,23.44891438406998
0.01,0.09000000000000001,15.0,24.28812074992312
0.05000000000000001,0.05000000000000001,5.0,24.631063685708806
0.09000000000000001,0.03,30.0,24.75389086280722
0.09999999999999999,0.03,30.0,25.056769723549774
0.01,0.04,25.0,25.244071550638314
0.04,0.060000000000000005,15.0,26.113745325176485
0.06999999999999999,0.05000000000000001,15.0,26.741554174046584
0.04,0.04,20.0,27.698218533179205
0.09000000000000001,0.04,10.0,28.027836174484804
0.03,0.060000000000000005,5.0,28.84518341564573
0.01,0.08,5.0,31.178874404301116
0.06999999999999999,0.05000000000000001,0.0,31.280141936624158
0.01,0.09000000000000001,0.0,31.603780495761345
0.04,0.05000000000000001,10.0,31.699616826506073
0.04,0.060000000000000005,0.0,31.92315324095623
0.02,0.04,25.0,32.26334863864478
0.08,0.05000000000000001,15.0,33.04094636275309
0.05000000000000001,0.04,20.0,33.864974624298405
0.09999999999999999,0.04,10.0,34.25824030984308
0.060000000000000005,0.05000000000000001,5.0,34.66700117054429
0.03,0.06999999999999999,15.0,36.48933208924898
0.02,0.06999999999999999,5.0,37.10635834421141
0.01,0.05000000000000001,20.0,38.38555249867854
0.060000000000000005,0.04,20.0,38.566224572079435
0.02,0.060000000000000005,10.0,38.741361711751004
0.05000000000000001,0.05000000000000001,10.0,39.12926594340855
0.03,0.04,25.0,39.35222220880218
0.02,0.08,0.0,41.32450769596937
0.02,0.08,15.0,41.39648478494421
0.06999999999999999,0.05000000000000001,5.0,41.94645919722472
0.05000000000000001,0.060000000000000005,15.0,42.14966787347741
0.04,0.04,25.0,43.0362268020057
0.01,0.06999999999999999,10.0,43.048599425739646
0.01,0.04,30.0,43.426132059321446
0.08,0.05000000000000001,0.0,44.504084217994006
0.09000000000000001,0.05000000000000001,15.0,45.949690806795466
0.06999999999999999,0.04,20.0,46.05018614970272
0.03,0.06999999999999999,0.0,48.12372315233588
0.08,0.04,20.0,50.130957300336725
0.01,0.09999999999999999,15.0,50.91678496494359
0.01,0.09999999999999999,0.0,51.63422063674026
0.04,0.060000000000000005,5.0,51.844711191007434
0.02,0.04,30.0,51.96447589625593
0.05000000000000001,0.060000000000000005,0.0,52.10963227515751
0.05000000000000001,0.04,25.0,53.64584097103406
0.08,0.05000000000000001,5.0,55.4909459930446
0.09000000000000001,0.05000000000000001,0.0,55.72961870623133
0.09999999999999999,0.05000000000000001,15.0,55.79412465453364
0.060000000000000005,0.05000000000000001,10.0,56.22068820086074
0.02,0.05000000000000001,20.0,56.503927702598865
0.060000000000000005,0.060000000000000005,15.0,56.71924658081188
0.060000000000000005,0.04,25.0,60.28143820003036
0.03,0.04,30.0,60.41764746053645
0.04,0.06999999999999999,15.0,61.55238577994894
0.09000000000000001,0.04,20.0,62.0617539673377
0.03,0.060000000000000005,10.0,62.41550329716057
0.01,0.09000000000000001,5.0,64.50840378200668
0.09999999999999999,0.04,20.0,65.86801201418335
0.06999999999999999,0.04,25.0,66.4603310463674
0.09999999999999999,0.05000000000000001,0.0,67.57951893081122
0.06999999999999999,0.05000000000000001,10.0,67.93573789748295
0.04,0.04,30.0,69.75161251757847
0.060000000000000005,0.060000000000000005,0.0,70.42881532017991
0.01,0.05000000000000001,25.0,70.64963762607374
0.03,0.05000000000000001,20.0,73.62026235177322
0.05000000000000001,0.04,30.0,75.9234946634618
0.05000000000000001,0.060000000000000005,5.0,76.46944207388859
0.09000000000000001,0.05000000000000001,5.0,77.20276461290362
0.03,0.06999999999999999,5.0,79.32995173554156
0.02,0.09000000000000001,15.0,79.6484198823314
0.08,0.04,25.0,80.5258180597623
0.04,0.06999999999999999,0.0,81.25404374871056
0.04,0.060000000000000005,10.0,83.4389199563541
0.06999999999999999,0.060000000000000005,15.0,83.60931242143847
0.060000000000000005,0.04,30.0,84.71879020840191
0.08,0.05000000000000001,10.0,84.91790907582835
0.09000000000000001,0.04,25.0,85.89541787069935
0.01,0.08,10.0,86.21493403963696
0.02,0.06999999999999999,10.0,86.72927531470525
0.03,0.08,15.0,89.71341519827043
0.04,0.05000000000000001,20.0,90.33458320324121
0.09999999999999999,0.04,25.0,91.73172349202696
0.09999999999999999,0.05000000000000001,5.0,91.83032855999181
0.02,0.08,5.0,92.61887359123115
0.06999999999999999,0.060000000000000005,0.0,95.88344538124996
0.02,0.05000000000000001,25.0,101.06959747554068
0.09000000000000001,0.05000000000000001,10.0,101.86658692961835
0.060000000000000005,0.060000000000000005,5.0,102.31359085687222
0.05000000000000001,0.06999999999999999,15.0,103.8102362852245
0.01,0.060000000000000005,20.0,103.89494724538326
0.06999999999999999,0.04,30.0,104.88709630072621
0.03,0.08,0.0,105.65479424873978
0.08,0.04,30.0,105.67185876060273
0.05000000000000001,0.05000000000000001,20.0,106.71710099822558
0.02,0.09000000000000001,0.0,106.83291803813108
0.01,0.09999999999999999,5.0,117.45899715275608
0.09000000000000001,0.04,30.0,119.3803097934159
0.08,0.060000000000000005,15.0,119.63250275533592
0.03,0.05000000000000001,25.0,120.25687036511214
0.05000000000000001,0.060000000000000005,10.0,120.44321266198357
0.09999999999999999,0.05000000000000001,10.0,130.98402230746242
0.04,0.06999999999999999,5.0,131.3034533244229
0.09000000000000001,0.060000000000000005,15.0,133.8505888935472
0.09999999999999999,0.04,30.0,134.19826398308226
0.01,0.05000000000000001,30.0,136.7379429374325
0.05000000000000001,0.06999999999999999,0.0,137.4114253926197
0.06999999999999999,0.060000000000000005,5.0,137.9196157397797
0.060000000000000005,0.05000000000000001,20.0,140.61955360660883
0.02,0.060000000000000005,20.0,143.6060857775924
0.03,0.06999999999999999,10.0,144.68229444958135
0.08,0.060000000000000005,0.0,145.81730819197233
0.04,0.05000000000000001,25.0,150.52703079943984
0.06999999999999999,0.05000000000000001,20.0,150.89601524541624
0.09000000000000001,0.060000000000000005,0.0,161.05982142716766
0.060000000000000005,0.060000000000000005,10.0,163.242449565018
0.03,0.08,5.0,166.57576186424254
0.01,0.09000000000000001,10.0,169.0117418317212
0.02,0.05000000000000001,30.0,169.7266290398068
0.060000000000000005,0.06999999999999999,15.0,169.8905418668338
0.04,0.08,15.0,173.44212502996206
0.04,0.08,0.0,178.91596802944275
0.08,0.060000000000000005,5.0,180.17799563907292
0.05000000000000001,0.05000000000000001,25.0,181.48920992970648
0.09999999999999999,0.060000000000000005,15.0,187.6184803347951
0.02,0.08,10.0,190.043678240844
0.05000000000000001,0.06999999999999999,5.0,192.79190464724024
0.08,0.05000000000000001,20.0,193.43121314051447
0.01,0.060000000000000005,25.0,194.04459237109288
0.03,0.060000000000000005,20.0,194.38196507853732
0.03,0.05000000000000001,30.0,194.6464385587241
0.02,0.09000000000000001,5.0,196.67787980059992
0.02,0.09999999999999999,15.0,197.72942787620886
0.060000000000000005,0.06999999999999999,0.0,200.64762231404998
0.02,0.09999999999999999,0.0,205.00818848797178
0.09000000000000001,0.05000000000000001,20.0,209.55418698328185
0.06999999999999999,0.060000000000000005,10.0,211.30467730903038
0.060000000000000005,0.05000000000000001,25.0,211.434549715887
0.04,0.06999999999999999,10.0,211.65400055840936
0.03,0.09000000000000001,15.0,218.3080813513991
0.03,0.09000000000000001,0.0,229.45988648797447
0.04,0.05000000000000001,30.0,232.62038641794786
0.01,0.06999999999999999,20.0,233.3135665686724
0.09000000000000001,0.060000000000000005,5.0,238.16167505182443
0.06999999999999999,0.05000000000000001,25.0,240.5541975347605
0.08,0.060000000000000005,10.0,247.98015557223366
0.09999999999999999,0.060000000000000005,0.0,251.29519857018144
0.06999999999999999,0.06999999999999999,15.0,251.96006543966303
0.04,0.060000000000000005,20.0,253.1557670321544
0.04,0.08,5.0,254.7505427212418
0.09999999999999999,0.05000000000000001,20.0,256.12449545532274
0.05000000000000001,0.08,15.0,268.53160688509615
0.06999999999999999,0.06999999999999999,0.0,268.84604516342876
0.060000000000000005,0.06999999999999999,5.0,275.26991929187204
0.08,0.05000000000000001,25.0,277.2903876091801
0.02,0.060000000000000005,25.0,278.81895066214594
0.05000000000000001,0.05000000000000001,30.0,284.2375913991084
0.09999999999999999,0.060000000000000005,5.0,284.58781098963453
0.05000000000000001,0.08,0.0,302.97001734964437
0.060000000000000005,0.05000000000000001,30.0,310.6690076691973
0.08,0.06999999999999999,15.0,310.8454970842491
0.01,0.09999999999999999,10.0,320.50041214647746
0.03,0.08,10.0,323.38411062670247
0.05000000000000001,0.060000000000000005,20.0,323.6959528789047
0.09000000000000001,0.05000000000000001,25.0,324.94836405634004
0.05000000000000001,0.06999999999999999,10.0,325.3822421867556
0.09000000000000001,0.060000000000000005,10.0,329.7007774182805
0.01,0.060000000000000005,30.0,336.9841926683724
0.03,0.060000000000000005,25.0,349.46329805897903
0.09999999999999999,0.05000000000000001,25.0,351.3587020747943
0.06999999999999999,0.05000000000000001,30.0,359.41538338148683
0.02,0.09999999999999999,5.0,368.06752178924484
0.02,0.06999999999999999,20.0,378.20149469633833
0.04,0.09000000000000001,15.0,378.8959476224909
0.06999999999999999,0.06999999999999999,5.0,383.31658364458
0.09999999999999999,0.060000000000000005,10.0,383.4776146622616
0.03,0.09000000000000001,5.0,399.21372492639847
0.02,0.09000000000000001,10.0,404.96733182333764
0.08,0.06999999999999999,0.0,411.0219745649292
0.060000000000000005,0.060000000000000005,20.0,412.392510973129
0.08,0.05000000000000001,30.0,412.42305489742074
0.03,0.09999999999999999,15.0,418.6841149180539
0.060000000000000005,0.08,15.0,421.86180244373537
0.060000000000000005,0.06999999999999999,10.0,430.499547714473
0.09000000000000001,0.06999999999999999,15.0,437.1761836838446
0.04,0.060000000000000005,25.0,440.4517070400034
0.04,0.09000000000000001,0.0,449.74089854833414
0.02,0.060000000000000005,30.0,454.0672805097192
0.09000000000000001,0.05000000000000001,30.0,458.1091067634252
0.01,0.08,20.0,459.63440893075676
0.01,0.06999999999999999,25.0,462.71111440384084
0.060000000000000005,0.08,0.0,468.3995323939386
0.05000000000000001,0.08,5.0,478.48742145715977
0.06999999999999999,0.060000000000000005,20.0,479.341344579352
0.03,0.06999999999999999,20.0,487.8679726209889
0.03,0.09999999999999999,0.0,501.37823925830133
0.09999999999999999,0.05000000000000001,30.0,510.1860435767301
0.08,0.06999999999999999,5.0,533.393460665338
0.04,0.08,10.0,535.4405973026105
0.09000000000000001,0.06999999999999999,0.0,539.7538888196838
0.09999999999999999,0.06999999999999999,15.0,543.9571647798722
0.05000000000000001,0.060000000000000005,25.0,546.1063677987349
0.06999999999999999,0.08,15.0,551.9167931246218
0.03,0.060000000000000005,30.0,566.3103013528108
0.05000000000000001,0.09000000000000001,15.0,573.6752971801283
0.08,0.060000000000000005,20.0,603.7370335575902
0.06999999999999999,0.06999999999999999,10.0,614.0759420493763
0.04,0.06999999999999999,20.0,628.4489061530924
0.09000000000000001,0.06999999999999999,5.0,636.5986809939467
0.02,0.06999999999999999,25.0,639.8682518169284
0.060000000000000005,0.08,5.0,646.3568253413035
0.060000000000000005,0.060000000000000005,25.0,648.0129725925809
0.04,0.09000000000000001,5.0,679.8295663505669
0.04,0.060000000000000005,30.0,703.4387924002149
0.09000000000000001,0.060000000000000005,20.0,717.2535532677799
0.09999999999999999,0.06999999999999999,0.0,724.2773842998616
0.08,0.06999999999999999,10.0,726.2395074307918
0.03,0.09000000000000001,10.0,733.5818977805371
0.05000000000000001,0.09000000000000001,0.0,746.536903476154
0.08,0.08,15.0,770.7364446775996
0.02,0.09999999999999999,10.0,788.7503109190152
0.06999999999999999,0.060000000000000005,25.0,792.9320954296563
0.06999999999999999,0.08,0.0,811.1273573029727
0.02,0.08,20.0,811.1809208449558
0.05000000000000001,0.060000000000000005,30.0,823.8533999164997
0.09999999999999999,0.060000000000000005,20.0,824.4298782429152
0.01,0.06999999999999999,30.0,836.9383609735837
0.03,0.09999999999999999,5.0,840.5034320582126
0.09999999999999999,0.06999999999999999,5.0,847.8537105698005
0.05000000000000001,0.08,10.0,848.8637007514891
0.04,0.09999999999999999,15.0,890.8724249344826
0.08,0.060000000000000005,25.0,904.7486279898602
0.09000000000000001,0.06999999999999999,10.0,909.2649621229566
0.05000000000000001,0.06999999999999999,20.0,910.7612209566646
0.03,0.06999999999999999,25.0,921.5442633545235
0.060000000000000005,0.09000000000000001,15.0,931.0911640798713
0.09000000000000001,0.08,15.0,947.3217346241936
0.04,0.09999999999999999,0.0,970.7517826358198
0.060000000000000005,0.060000000000000005,30.0,977.7454901186651
0.01,0.09000000000000001,20.0,1003.2324282031178
0.09000000000000001,0.060000000000000005,25.0,1019.4382912600416
0.01,0.08,25.0,1035.6650143511058
0.06999999999999999,0.08,5.0,1044.848756257228
0.060000000000000005,0.06999999999999999,20.0,1079.591263581122
0.05000000000000001,0.09000000000000001,5.0,1108.6027317546557
0.08,0.08,0.0,1133.5519618825197
0.02,0.06999999999999999,30.0,1158.609305906568
0.04,0.06999999999999999,25.0,1188.4409243773146
0.06999999999999999,0.060000000000000005,30.0,1192.20919959558
0.09999999999999999,0.06999999999999999,10.0,1195.9532835065947
0.060000000000000005,0.08,10.0,1215.5580334837323
0.09999999999999999,0.060000000000000005,25.0,1234.5108381728794
0.04,0.09000000000000001,10.0,1265.4809733591712
0.03,0.08,20.0,1267.988749018615
0.08,0.060000000000000005,30.0,1306.0481345325097
0.060000000000000005,0.09000000000000001,0.0,1307.4145874720623
0.08,0.08,5.0,1308.8845871839624
0.05000000000000001,0.09999999999999999,15.0,1334.8733025320419
0.09000000000000001,0.08,0.0,1368.0249476972879
0.06999999999999999,0.06999999999999999,20.0,1416.8911127428103
0.05000000000000001,0.06999999999999999,25.0,1458.5848683186587
0.06999999999999999,0.08,10.0,1463.392143461915
0.06999999999999999,0.09000000000000001,15.0,1474.044829521693
0.09000000000000001,0.060000000000000005,30.0,1476.29544664636
0.02,0.08,25.0,1493.3557474258241
0.03,0.06999999999999999,30.0,1496.4240605433408
0.03,0.09999999999999999,10.0,1538.1454618274747
0.04,0.09999999999999999,5.0,1571.0784875964948
0.09999999999999999,0.08,15.0,1583.5891793486905
0.04,0.08,20.0,1664.4632078737493
0.09999999999999999,0.060000000000000005,30.0,1737.671350663584
0.05000000000000001,0.09000000000000001,10.0,1795.6258723420415
0.060000000000000005,0.09000000000000001,5.0,1799.6009155467561
0.060000000000000005,0.06999999999999999,25.0,1842.2981757404734
0.05000000000000001,0.09999999999999999,0.0,1858.2284938847413
0.02,0.09000000000000001,20.0,1879.5344130448768
0.04,0.06999999999999999,30.0,1882.0229574261732
0.06999999999999999,0.09000000000000001,0.0,1900.7314142451157
0.01,0.08,30.0,1916.7719871500447
0.08,0.06999999999999999,20.0,1919.3042039107042
0.09999999999999999,0.08,0.0,1971.6489545068678
0.09000000000000001,0.08,5.0,2011.6500431343213
0.01,0.09000000000000001,25.0,2043.025811829483
0.09000000000000001,0.06999999999999999,20.0,2043.8522308125284
0.08,0.08,10.0,2067.6654729615348
0.01,0.09999999999999999,20.0,2076.0547017321755
0.03,0.08,25.0,2129.908829850274
0.08,0.09000000000000001,15.0,2213.19854951409
0.05000000000000001,0.08,20.0,2293.8420750820405
0.05000000000000001,0.06999999999999999,30.0,2335.5807316701666
0.060000000000000005,0.09999999999999999,15.0,2338.854918448634
0.06999999999999999,0.06999999999999999,25.0,2466.0523222252477
0.09999999999999999,0.08,5.0,2469.757274830777
0.09999999999999999,0.06999999999999999,20.0,2478.8783704186285
0.08,0.06999999999999999,25.0,2628.24665294848
0.06999999999999999,0.09000000000000001,5.0,2658.568868656226
0.09000000000000001,0.08,10.0,2682.5083653155257
0.02,0.08,30.0,2730.279113068926
0.05000000000000001,0.09999999999999999,5.0,2750.1920343136767
0.04,0.09999999999999999,10.0,2838.3789020908903
0.08,0.09000000000000001,0.0,2855.5590049999573
0.03,0.09000000000000001,20.0,2885.943460651201
0.060000000000000005,0.09999999999999999,0.0,2907.8256877347326
0.060000000000000005,0.06999999999999999,30.0,2947.9235063776546
0.09000000000000001,0.09000000000000001,15.0,2960.1609220403093
0.04,0.08,25.0,3033.894005816421
0.060000000000000005,0.09000000000000001,10.0,3063.012828930696
0.060000000000000005,0.08,20.0,3141.617565540267
0.09000000000000001,0.06999999999999999,25.0,3231.2994721140203
0.09999999999999999,0.08,10.0,3492.759493019307
0.06999999999999999,0.09999999999999999,15.0,3551.5571218107725
0.06999999999999999,0.06999999999999999,30.0,3640.3276426502002
0.02,0.09000000000000001,25.0,3682.178615245046
0.02,0.09999999999999999,20.0,3747.5152623788513
0.08,0.09000000000000001,5.0,3771.3164339253053
0.03,0.08,30.0,3856.0714307727308
0.05000000000000001,0.08,25.0,3902.2992532023723
0.09999999999999999,0.06999999999999999,25.0,3907.047759199624
0.06999999999999999,0.08,20.0,4021.4175974636746
0.04,0.09000000000000001,20.0,4064.268650437489
0.09000000000000001,0.09000000000000001,0.0,4113.568972138036
0.08,0.06999999999999999,30.0,4245.8343160414215
0.06999999999999999,0.09000000000000001,10.0,4334.278106919216
0.01,0.09000000000000001,30.0,4334.35427916071
0.060000000000000005,0.09999999999999999,5.0,4442.236575402877
0.01,0.09999999999999999,25.0,4564.909947862082
0.09999999999999999,0.09000000000000001,15.0,4583.030293078671
0.06999999999999999,0.09999999999999999,0.0,4614.685158206498
0.05000000000000001,0.09999999999999999,10.0,4785.311515926565
0.09000000000000001,0.09000000000000001,5.0,5012.834359584239
0.09000000000000001,0.06999999999999999,30.0,5096.673977015595
0.060000000000000005,0.08,25.0,5152.484855753523
0.08,0.09999999999999999,15.0,5208.215367552674
0.08,0.08,20.0,5242.276205447738
0.04,0.08,30.0,5332.476003802018
0.09999999999999999,0.09000000000000001,0.0,5350.749402452001
0.03,0.09000000000000001,25.0,5414.542422693394
0.08,0.09000000000000001,10.0,5787.183150360455
0.05000000000000001,0.09000000000000001,20.0,5964.98459806736
0.09999999999999999,0.06999999999999999,30.0,6196.34534618477
0.09000000000000001,0.08,20.0,6428.350411101227
0.05000000000000001,0.08,30.0,6587.156205295658
0.06999999999999999,0.08,25.0,6754.1683452948955
0.060000000000000005,0.09999999999999999,10.0,6829.5382388175885
0.02,0.09000000000000001,30.0,6918.7161002442745
0.08,0.09999999999999999,0.0,7004.967803759932
0.06999999999999999,0.09999999999999999,5.0,7007.425326477264
0.03,0.09999999999999999,20.0,7033.109608372739
0.060000000000000005,0.09000000000000001,20.0,7740.503185151359
0.09999999999999999,0.09000000000000001,5.0,7797.38656820304
0.04,0.09000000000000001,25.0,7970.882136752963
0.09000000000000001,0.09000000000000001,10.0,8110.915306676997
0.02,0.09999999999999999,25.0,8251.221204618
0.060000000000000005,0.08,30.0,8280.40868408785
0.09999999999999999,0.08,20.0,8490.385162156503
0.09000000000000001,0.09999999999999999,15.0,8515.620208229313
0.08,0.08,25.0,8592.131923870416
0.01,0.09999999999999999,30.0,9483.455830091334
0.09000000000000001,0.08,25.0,10079.507955993755
0.03,0.09000000000000001,30.0,10177.519102485918
0.08,0.09999999999999999,5.0,10191.591486091069
0.09000000000000001,0.09999999999999999,0.0,10728.125209655234
0.09999999999999999,0.09999999999999999,15.0,11048.18261531386
0.04,0.09999999999999999,20.0,11116.718178707857
0.06999999999999999,0.09999999999999999,10.0,11271.805306210334
0.09999999999999999,0.09000000000000001,10.0,11362.184607245013
0.05000000000000001,0.09000000000000001,25.0,11505.743928265698
0.06999999999999999,0.08,30.0,11596.575322154169
0.06999999999999999,0.09000000000000001,20.0,11881.94704975556
0.09999999999999999,0.08,25.0,12762.187314572562
0.060000000000000005,0.09000000000000001,25.0,13989.56617613161
0.03,0.09999999999999999,25.0,14196.30313294258
0.08,0.08,30.0,14221.997706478925
0.04,0.09000000000000001,30.0,14294.499662139731
0.09000000000000001,0.09999999999999999,5.0,14623.167084706029
0.08,0.09000000000000001,20.0,15634.423177433635
0.02,0.09999999999999999,30.0,16616.12619304592
0.09999999999999999,0.09999999999999999,0.0,16936.510496437357
0.08,0.09999999999999999,10.0,17126.541311193898
0.05000000000000001,0.09999999999999999,20.0,17282.781428417627
0.09000000000000001,0.08,30.0,17726.57288469571
0.05000000000000001,0.09000000000000001,30.0,19085.802858907733
0.04,0.09999999999999999,25.0,19574.97286649047
0.06999999999999999,0.09000000000000001,25.0,19925.614592556016
0.09999999999999999,0.08,30.0,20901.478979515614
0.09000000000000001,0.09000000000000001,20.0,21019.344097801182
0.09999999999999999,0.09999999999999999,5.0,21274.80417250604
0.09000000000000001,0.09999999999999999,10.0,23748.393120796838
0.060000000000000005,0.09999999999999999,20.0,24919.74354288503
0.060000000000000005,0.09000000000000001,30.0,25982.300047604178
0.03,0.09999999999999999,30.0,26733.737136339638
0.09999999999999999,0.09000000000000001,20.0,27140.31110007781
0.08,0.09000000000000001,25.0,27854.352090223416
0.06999999999999999,0.09000000000000001,30.0,32966.57548563651
0.09999999999999999,0.09999999999999999,10.0,33815.90211729637
0.05000000000000001,0.09999999999999999,25.0,34141.363014757044
0.06999999999999999,0.09999999999999999,20.0,35611.13245599257
0.09000000000000001,0.09000000000000001,25.0,35756.00885260013
0.04,0.09999999999999999,30.0,40302.55095857703
0.08,0.09999999999999999,20.0,41856.46945266355
0.08,0.09000000000000001,30.0,42466.009149786616
0.060000000000000005,0.09999999999999999,25.0,45457.35216195409
0.09999999999999999,0.09000000000000001,25.0,46087.184908002906
0.05000000000000001,0.09999999999999999,30.0,53352.448977245775
0.06999999999999999,0.09999999999999999,25.0,58926.39848570937
0.09000000000000001,0.09000000000000001,30.0,61287.12160728409
0.09999999999999999,0.09000000000000001,30.0,67454.81092499284
0.09000000000000001,0.09999999999999999,20.0,69561.84444715118
0.08,0.09999999999999999,25.0,74275.91105960043
0.060000000000000005,0.09999999999999999,30.0,75217.11438410642
0.09999999999999999,0.09999999999999999,20.0,98557.85165248514
0.06999999999999999,0.09999999999999999,30.0,102863.0102783576
0.09000000000000001,0.09999999999999999,25.0,125342.60936120946
0.08,0.09999999999999999,30.0,143573.10916979366
0.09999999999999999,0.09999999999999999,25.0,151649.99892432656
0.09000000000000001,0.09999999999999999,30.0,183924.5937849374
0.09999999999999999,0.09999999999999999,30.0,245183.1957722891
