generation,par_fitness_mean,pro_fitness_mean,par_fitness_std,pro_fitness_std
0,1.1592740743000005,1.1603883429491904,2.220446049250313e-16,0.0011657648956261786
1,1.158703251039303,1.1598139252230892,3.8174981017374314e-05,0.0011750480204841037
2,1.1581342720616032,1.1592767371687003,7.422634350817853e-05,0.0011744543599927482
3,1.1575641632880755,1.158793091180779,0.00010620291500556797,0.0012260746539361263
4,1.1570081009611535,1.15830045312231,0.0001361040317742273,0.0012695383960466286
5,1.1564564216678528,1.1578111468448666,0.00016416564648418294,0.001300712095258634
6,1.1559053167244708,1.1573970244834606,0.0002239296329259663,0.0013515139232210894
7,1.1553761744251887,1.157043761392856,0.0002445438852444188,0.0013900150552954044
8,1.154845731706848,1.1567230215017477,0.0002564070758607952,0.001446145014844782
9,1.154322386181852,1.1564627650828,0.00029999303622640173,0.0015422763287907396
10,1.1537686168533006,1.1561377351421802,0.000324697553502937,0.0015800446874650396
11,1.1532879033574952,1.1559027033760865,0.00033878899414388925,0.0016626848209963328
12,1.1527628917891852,1.1557128407842732,0.0003505211988273583,0.0017015844442763472
13,1.1522176801234307,1.155470116548583,0.0003869294986194775,0.0017514907701215985
14,1.1517246778616872,1.1553900440680593,0.0004530651381412713,0.0017761777846365403
15,1.151242078023411,1.1553232143940684,0.0004935083339182585,0.0017297117757986726
16,1.1507906323177821,1.155166147701186,0.0005307408378717281,0.0017434935619657119
17,1.150323686870853,1.155090950734521,0.0005562612064393067,0.0018676616316226483
18,1.1498249897159534,1.1549890752629595,0.0006010967716283788,0.0019017675847235965
19,1.1493924864036713,1.1549376711416746,0.0006112770862779518,0.0019232385701504922
20,1.148963207673522,1.1549650691377373,0.0006460933070505612,0.002015348313234135
21,1.1485568478988517,1.1550881678818343,0.0007018346429029845,0.002131948176916885
22,1.1481910102243595,1.1552346021323292,0.0006840958929037003,0.0023143055915261206
23,1.1478369962557697,1.1554285247752325,0.000664821061253105,0.0022576695407764908
24,1.1475000873518457,1.1556255851688142,0.000725666584330205,0.0023061379172570843
25,1.147171149317013,1.1558486071850333,0.0007555776129081718,0.002313389790945218
26,1.1468172434269421,1.1560063865723387,0.0008242515728368718,0.0024065921839133207
27,1.1465216735803847,1.1562765672845037,0.0008379050537664945,0.002520418927460706
28,1.1462081393209296,1.1565585091391306,0.0008667945595769093,0.0026057379344691578
29,1.1459098307863196,1.1569194163928238,0.0009039997633128569,0.002699992430261912
30,1.1455915330206785,1.1572659966069023,0.0009386266552920947,0.002820743105163082
31,1.1453201940282312,1.1576927283934184,0.000951318877287372,0.002875617730434312
32,1.1449729959575226,1.1580877415077264,0.0010140355585399304,0.0029971261921017075
33,1.1446592273061191,1.1585268944013907,0.0010118365380022885,0.0029266521209504017
34,1.1443160390746625,1.1589944725964174,0.001105091853434941,0.0030457526702636064
35,1.1440329533825817,1.1595861494325965,0.0011938508176040634,0.0031239277345806045
36,1.1437955555516823,1.1600762840289405,0.0011724618639054687,0.00328779478465185
37,1.1436317851246807,1.1606362619000776,0.0012409970395847745,0.003436422288363801
38,1.1433906076386116,1.1611931184084958,0.0012995167371197551,0.003431001491527903
39,1.1431644302908481,1.1617802604163001,0.0013320056419027233,0.0034514310439357904
40,1.1429052070898273,1.1624421413471568,0.0013157214846051994,0.0035737656345973218
41,1.1426827236212111,1.1630802044597037,0.0013207384663355521,0.0037946019132691377
42,1.1424222431977489,1.1638760689572167,0.0013308304179784956,0.003958709849007634
43,1.142172308345737,1.164497401454832,0.0013769039316160147,0.004054968324668681
44,1.1420271259018047,1.1652367676470217,0.001342014501504133,0.004212349421132652
45,1.141864578321615,1.166175995391752,0.0013289493274844025,0.004327218072080066
46,1.1416498302246199,1.1670398791091414,0.0013823222609399414,0.004459670076995984
47,1.1414786780194632,1.1677841655647123,0.0013493746117938352,0.0045619813478376585
48,1.1412914708916855,1.1686491112937292,0.0015016734670199232,0.004542908389077484
49,1.141196958145117,1.169569382394821,0.0015020027456532207,0.0046031577030945315
50,1.1410341973060496,1.1704763078038514,0.0014867730212049747,0.004727573467347259
51,1.140925425041137,1.1715157800864946,0.0015360485790705488,0.004943439403273613
52,1.14085180543725,1.1723829140736728,0.0015851484774449516,0.005052316974027782
53,1.1408125998640726,1.1733501986574963,0.00155083726469123,0.005202700005059674
54,1.140622053947024,1.174242389240427,0.0016021578273725313,0.005303950296663185
55,1.1405568669165762,1.1753045446534687,0.0015973413873941558,0.005412202235399297
56,1.1404946397986229,1.1762308152837735,0.0016525401001992947,0.00550669113732466
57,1.1404444786557724,1.1771721479497197,0.0016677603588613993,0.0056719207002546585
58,1.1402879824219343,1.1782653621468182,0.0016873950676380251,0.005727404813541393
59,1.1401984188743572,1.1794970496609205,0.0017355246632052592,0.005786355508153243
60,1.140079928957775,1.1805576202975987,0.0017305024035366228,0.005860336435861558
61,1.1400365996179882,1.1817035213532237,0.0017020085121052545,0.0059544235976198845
62,1.1399641497593662,1.1828951942613888,0.0016849100440247532,0.006113913709459427
63,1.1399047114418281,1.1838325482085397,0.001626458506416714,0.006232891960518645
64,1.1398752890088344,1.1848675133192383,0.001638425654886263,0.00638160644040015
65,1.1398824366469535,1.1861137549413308,0.0016802919002174273,0.0065049037737657436
66,1.1397752229378808,1.1872762465996807,0.0016950123769122313,0.006644390968298354
67,1.1397500304092554,1.1882569658281712,0.0016961910423319128,0.006866195391076852
68,1.1397534478004536,1.1892155224260152,0.001704087351593173,0.00714009063643508
69,1.1397580004496783,1.1904081433154992,0.0016209298919721122,0.007141738985514024
70,1.1397583494248391,1.1916422528538686,0.0016230761061462166,0.007383804510148907
71,1.1397056528970675,1.192744094403742,0.0016436306896978742,0.0076024939421394985
72,1.1396233302102816,1.1939287211680467,0.00169526470064199,0.007764380531653527
73,1.1395193701805566,1.1950708104547823,0.0017358684051854748,0.00788915333589115
74,1.1393830739260702,1.1963449292367925,0.0018140367806855386,0.008258427671803762
75,1.1393809926273217,1.1975119416051327,0.0018030550275097536,0.008294667374808405
76,1.1393773590208054,1.1986911645640546,0.0018678613714288783,0.008358626868670392
77,1.1393288009063103,1.199938236837974,0.0018627410842201515,0.008293528258870567
78,1.1392842349363606,1.2010721391036594,0.001882093344541512,0.00837989137880291
79,1.1392458862974453,1.2021307065348776,0.0018573293731703223,0.008481742553372671
80,1.1392817636018853,1.2034580314884502,0.001941569714685014,0.008653652549570989
81,1.13923506326897,1.204547994826339,0.001962354837064251,0.00883004150488547
82,1.1393214270449403,1.2057671735458004,0.001997691343562669,0.008913397636673046
83,1.139356929164179,1.207088238845722,0.002067185329571305,0.009003848570449663
84,1.1393704995862781,1.208353168058536,0.0020210389632656775,0.009080754541695426
85,1.139322557264787,1.2097293433713556,0.0019832190016190725,0.009168748005708533
86,1.1392840150424983,1.2110490254707762,0.0019863762796459455,0.009270051876552499
87,1.139321346687354,1.2122169128872704,0.002013102637204167,0.009533427977749712
88,1.139406287419707,1.213502395607481,0.0020645259569926763,0.009709577440132356
89,1.1394927485856763,1.2146371064598602,0.002062044448360139,0.009796065145102157
90,1.1395823035546169,1.2159008194553709,0.002075722204939598,0.009916612740632963
91,1.1395503241090035,1.2171310981769203,0.0021073607264729334,0.01007983079796056
92,1.1395381477602655,1.2183670216261522,0.002125680360041598,0.01023576170378852
93,1.1396816476192884,1.21957359970298,0.002148658123468833,0.01042606284292995
94,1.139740777441301,1.2207594737748853,0.0021337519398848346,0.010613608626056812
95,1.1397462392094122,1.221852064922816,0.002152570852453572,0.010723572162912778
96,1.1397968185843868,1.223064388742464,0.0021462512109026556,0.010871771946386237
97,1.1399264324872715,1.224378619181241,0.0021767609682656354,0.01095802970415268
98,1.139996967138089,1.2255941785540565,0.0022858814168399354,0.011034561629529942
99,1.1400168350716482,1.2268753931204532,0.002338584184046607,0.011349082798424871
100,1.1401472310602188,1.2280201377141189,0.0023400238676589305,0.011415991799663813
101,1.1401148783833168,1.2292378426734976,0.002394538246700297,0.011709212688486265
102,1.14013758802303,1.2304993667755206,0.0024855825770459033,0.011663025566969396
103,1.1401301348606472,1.2316688295469318,0.002451014634580019,0.01180492780333433
104,1.1401801838676138,1.232879570701318,0.0024437123828162225,0.011999351984828923
105,1.1402675734049934,1.2341188697999435,0.002518969528019747,0.012215878048348987
106,1.1403476785029134,1.2353381280030566,0.002582502347327778,0.012296086122516885
107,1.140462541542656,1.236619255330203,0.0025495768199441634,0.012713760900348172
108,1.1405605231553206,1.2376553760418672,0.002678773851063917,0.012743436816665865
109,1.1406531018636372,1.238764640837918,0.002801491536284426,0.012917512791427423
110,1.1407820763956116,1.2397887971267705,0.0028251977809095373,0.012966274724564117
111,1.1408582634732667,1.2409218961689426,0.002796055792924673,0.013192839978592677
112,1.1409186592585372,1.2419865523080593,0.0027887908437236658,0.013272385541834388
113,1.1408963684111435,1.2430731913036706,0.0028197899477018897,0.013200952353645226
114,1.1409614413671199,1.243978519165011,0.0028900515121352585,0.013370437330433629
115,1.1410299294534982,1.2451182293896264,0.00297718727375426,0.013350645912415712
116,1.1412132749262471,1.2461830902381883,0.0028974401106980196,0.013501182433617434
117,1.1413640683712978,1.2472066589842346,0.00293734622669634,0.013661225735841604
118,1.141454282032009,1.2482070397643203,0.0030130073444389854,0.013757650047037513
119,1.1416001243222993,1.2493463605968924,0.003069727723829697,0.013890635653450164
120,1.1417090150672045,1.250403677587833,0.0031466759115273725,0.013991969829130287
121,1.1418087432242492,1.2514077635721412,0.00321041201189093,0.014116864467313847
122,1.1419153218897515,1.25257621904186,0.003248851357663541,0.014179195368848756
123,1.1419983124255544,1.2535274063016415,0.0033211053524334726,0.014389158251148282
124,1.1421957004446521,1.25456834739163,0.0034964154794107738,0.014470981058712345
125,1.1422532903981186,1.2556497574811412,0.0035956879065743522,0.014633865078485308
126,1.1424496715365506,1.2566401845421125,0.0037963698773986047,0.014697024643994066
127,1.1425956227642506,1.2576676749086133,0.0039316527245299064,0.014725805699302983
128,1.1427259771954172,1.2587668787397106,0.004054479899527135,0.014681169462722422
129,1.1429432192868123,1.2597044403220277,0.0042089216705031435,0.014559078439030013
130,1.143123759941316,1.260695243521659,0.004361174064544403,0.014492031966280386
131,1.143297910066768,1.2615980963186066,0.004523872707303206,0.014600895491364538
132,1.1434406249564624,1.2626936539677955,0.00462113165962598,0.014726854454048921
133,1.1436429953434553,1.263623342744368,0.004735261582005948,0.014815031872301196
134,1.1437777782334473,1.2647279863647674,0.0046797855363919704,0.01461238002340415
135,1.143938758855712,1.2656088430037151,0.004859250719384721,0.014604126937647866
136,1.144164172169493,1.266579791614619,0.004937493919238295,0.014690478674093562
137,1.1443146989208735,1.2676610173093785,0.004926866220533978,0.014880388264824638
138,1.1444940095698763,1.2685329069680005,0.0050877064236779955,0.01488596723241363
139,1.1447025220060174,1.2694168820224163,0.005234063323738098,0.014992102654279188
140,1.1448798222339966,1.2702535607605936,0.005364889930243947,0.015116859084504284
141,1.1450930286279297,1.2711347903062653,0.005598686878101489,0.015241760554504116
142,1.1452966168244165,1.272140043067679,0.005715129849966459,0.015321807188605728
143,1.1454638853921169,1.2729615397989724,0.005837767693551564,0.015299547249467749
144,1.1456257938088976,1.273793588501621,0.00611345565970758,0.015333856102887554
145,1.1458827693540161,1.2747004029395603,0.006275006126034721,0.015382779548962272
146,1.1462131322523792,1.2756250623769947,0.006653529950981036,0.015408103640492075
147,1.1464198100483456,1.2765342585334623,0.0068209646592327,0.015549398405628904
148,1.1467115511571944,1.277407797368279,0.006953711178736713,0.015481439784700806
149,1.1469198571105754,1.2782393501885958,0.007094209619877429,0.015419997172553138
150,1.147182415362818,1.2790347914967195,0.007285457215652665,0.015449860190595936
151,1.1474322762918128,1.279854626192006,0.0075277393296622665,0.01555359980928177
152,1.1477049722013906,1.280596118949824,0.007730203447763286,0.0156417490719602
153,1.1478283328570378,1.2813921088206406,0.007778581687870002,0.015634057127492742
154,1.1480711019292107,1.2822005707730175,0.00798266317112992,0.015665807113039668
155,1.1483995263430369,1.2830876698871234,0.008141764482121018,0.015701968452040683
156,1.1487219957142485,1.2839192949205367,0.008368543506355334,0.015765067577602005
157,1.1490157912861543,1.2845101705681017,0.008587819526061597,0.015859708933854726
158,1.1492692705130072,1.2851993500319658,0.00874828765445057,0.01600245448435022
159,1.1495028289369993,1.2859493514072082,0.008989700576400273,0.016067517311437202
160,1.149816195318263,1.2867230985798201,0.00917204119601903,0.01609212796398819
161,1.1500632775610335,1.2874897541946657,0.009322345943206948,0.016198929257154465
162,1.150399762523023,1.2883484182766247,0.00955508648303866,0.0162827491366568
163,1.1506591722932753,1.2891237784099823,0.009743298568305175,0.01643718735396831
164,1.1510464310007114,1.2897376652840817,0.00995094716684273,0.016420273946415643
165,1.1513189642692778,1.290465341866533,0.010086340670092819,0.016484059412847
166,1.151711059086314,1.2913835563236196,0.01027365233545901,0.016517833769456088
167,1.1519889206814191,1.2921134306465347,0.01042597382472652,0.016594815700735187
168,1.152321137208416,1.292897206697182,0.01050181095293247,0.01658619977589828
169,1.1526034430287468,1.2934889332972455,0.010623866533168191,0.016566268462432553
170,1.1529222050207657,1.294283851961601,0.010801011563534952,0.016722697190852634
171,1.1531753255931976,1.2950193786404158,0.011013595233673654,0.016740478042910054
172,1.1534214957215065,1.2956991247044214,0.011179458125443398,0.016745050523711127
173,1.1536500259807543,1.2963162652239504,0.011298803796310574,0.016947832487147315
174,1.1539862739902356,1.296942972514815,0.011410134248654663,0.016921573694526952
175,1.154278083618933,1.2976514781643191,0.011617405876356061,0.016911017932210833
176,1.1545916906426827,1.2983672436060214,0.011760656937617542,0.017027869465666524
177,1.1549198215120142,1.299129707317747,0.012043804895351123,0.01716514932480414
178,1.155290253701625,1.299819551974997,0.012006581404717182,0.017233048883403407
179,1.1556076439291587,1.3003809161601367,0.012226392480956015,0.017374753810960583
180,1.155892856038192,1.301096328621399,0.012465701478729115,0.017277189918452354
181,1.1562927252859883,1.3017471257214177,0.012621619629717043,0.017483336857791187
182,1.1567532082573642,1.3022725232530996,0.012753472386983246,0.017544167985270174
183,1.1571430451323113,1.3028221652389045,0.012911440826351877,0.017590267439667323
184,1.1574636450493718,1.3035581591066616,0.013116123297040618,0.017542996265284654
185,1.1578821665336299,1.3041374002478947,0.013390137932236888,0.017506255921445866
186,1.1582230271392988,1.3049149774319304,0.013571305965517979,0.017725973994112
187,1.1585736262684445,1.3055935351828238,0.013605659311645191,0.01774211539631252
188,1.1589609637128668,1.3062896587684967,0.01385204899934555,0.01782855803741819
189,1.1593521854036262,1.3070419730891913,0.014036151665782424,0.017942390950547255
190,1.1597479992585957,1.307701103886299,0.014250956107459205,0.018128354687297826
191,1.159989279375068,1.3081870712616774,0.014409023375389806,0.01831091337523212
192,1.160425622871468,1.308852072266583,0.014629564564792124,0.018368960399002272
193,1.1608032285513281,1.309588077397838,0.0147293795201144,0.018553524833714006
194,1.1611847892563703,1.3101943076462874,0.01493029409968418,0.018538427131564804
195,1.1615767237063215,1.3106854800979522,0.015057264643338761,0.018622688001652867
196,1.1618977187911959,1.3112776302556657,0.015210748003281864,0.01877644091474206
197,1.1622905265280876,1.3120134920173903,0.015292341871318864,0.018753598378171712
198,1.162724372312897,1.3125315242524294,0.015265170364835675,0.0187376418829441
199,1.163142748518552,1.3131119765751413,0.015320369282318724,0.018768149225252308
200,1.1636382249680037,1.3135384925286653,0.015443985824121152,0.018778739950706454
201,1.1640078537513583,1.3140376724715555,0.015594319177942606,0.0188775674287452
202,1.1643505001866814,1.314747393233777,0.015742730995375785,0.01890243046524494
203,1.1647776709190034,1.3153086490067978,0.0159612230687501,0.019059951316627324
204,1.1651469013924285,1.3157523568880072,0.016104593199817524,0.01905457643859012
205,1.1656285292431114,1.3161918132751358,0.016195875812002204,0.019049009713936638
206,1.1660213203766614,1.3168741996511526,0.016378772740984704,0.019246876530820224
207,1.16643134738006,1.3174361012365177,0.016385791031671024,0.019355257286626994
208,1.1668749959821128,1.317974312095164,0.016580632112874083,0.019500381788347287
209,1.1673712502875935,1.318530002703245,0.01659401541758728,0.019600214155073115
210,1.1677124710961961,1.3190064252303904,0.016660512115676863,0.019698460733575236
211,1.168149689702223,1.3196247338487332,0.016753344695208172,0.019874917594883815
212,1.1685900802632405,1.3202633004412396,0.016813180222132795,0.02004734157893487
213,1.1689771102609525,1.320779404812113,0.016940740293376545,0.020119886196067218
214,1.1694189129430232,1.3213179145561198,0.017045318903626757,0.02013573503219052
215,1.169742306949518,1.3218208553725743,0.01715439847410386,0.020295762393205963
216,1.170200518572701,1.3222534721420618,0.01734376846936322,0.020402012763222437
217,1.170735094879669,1.3229730563088677,0.01747069134633279,0.020386580941956292
218,1.1711695176044072,1.3235646220082902,0.01755051552416703,0.020433705756941645
219,1.1715545085814916,1.3241968338096597,0.017631630078404213,0.020594393352870468
220,1.1720216531048753,1.324727177598612,0.017716762712634313,0.020591765894687832
221,1.1724552119169886,1.3251620051172737,0.017842857348643066,0.0207570559977285
222,1.1729696583164222,1.3257072934172294,0.017974598492970367,0.020858763111997844
223,1.1733399314921469,1.3262937084883866,0.018151557620454006,0.02083667852889224
224,1.1738436202046167,1.3268313645499539,0.01820597582963295,0.020763504225549817
225,1.1743778812706522,1.327350428389253,0.018321771331366237,0.02079775569086138
226,1.174763024275123,1.327937117440989,0.018332637125417266,0.02079234956252025
227,1.175241424309581,1.3285138175612294,0.018350130532643394,0.020917959291233905
228,1.17570257573813,1.3289751428974623,0.018474820669481095,0.02095430711389667
229,1.1762018054619394,1.3295596995595602,0.018575923974712184,0.021043764957866647
230,1.1766550323149123,1.3301695852446789,0.01868504924715575,0.021178733784544383
231,1.1770391328558323,1.3307353208574921,0.018826108082345094,0.02127707932823417
232,1.1775074633426932,1.3312174670124546,0.018937379971110356,0.021274747897776263
233,1.1778729302437108,1.3318243286386748,0.01893394153276259,0.021341745460129707
234,1.1783029979912998,1.3322974477185396,0.019102578238419148,0.021397349489479967
235,1.1786456955563425,1.3328241535596754,0.01918480822681257,0.021472086877433766
236,1.1792141807860177,1.333446371712665,0.01920483014241052,0.021586814925404974
237,1.1796838321004164,1.3338908112684624,0.01942583320668667,0.021563651261893718
238,1.1801866371976617,1.334427998211909,0.019598631118459,0.021649773905583244
239,1.1804874428520622,1.3349682665518372,0.019676915437287164,0.02181510692244309
240,1.1809844322553458,1.3355159749608034,0.01964275326912835,0.021812254376732725
241,1.181406789911214,1.3359350387850584,0.019733344727566327,0.021787960762193047
242,1.1817866500670255,1.3364750460776527,0.019957242096982863,0.02179508429951288
243,1.182305327280066,1.3371217012605763,0.0199486957680459,0.021957272856893077
244,1.182785293330293,1.3376466228480282,0.020070428437522447,0.021995628300253083
245,1.1831723507537155,1.338165653031103,0.020150382150925412,0.021916714451031456
246,1.1836035433050673,1.3385969022158934,0.020222099785827667,0.02213524508411733
247,1.1840009584566318,1.3391768435529996,0.020242733660653985,0.022246312025062435
248,1.184344553771894,1.3397304368000134,0.02034957499871348,0.022314054840360226
249,1.1847737039108723,1.3402130923272386,0.02049938252345709,0.022350788585967226
250,1.1852262102485391,1.3408324501905462,0.020529671327236543,0.022406640896990977
251,1.185754527648906,1.341358231538845,0.020707257182873768,0.022459080579145935
252,1.1862803405169444,1.3418847886293264,0.020841829441869603,0.022449933011482993
253,1.1866853407327407,1.342497587299288,0.02088899387999684,0.022381235481966504
254,1.1873238493736327,1.3430419089508152,0.020982235838084142,0.022449662550217242
255,1.1878791076666837,1.343640636901656,0.021212858089790305,0.02246012108779079
256,1.1883905600097169,1.3442367469656151,0.021223822766237806,0.02244100444849154
257,1.1888364016794581,1.3447406996386235,0.021325721246848565,0.02253294935946866
258,1.189184087902963,1.3451871616319409,0.02149882914713447,0.02258216405599608
259,1.1896700609265707,1.345635221052976,0.021670897982652072,0.0227284028041161
260,1.1901433627913804,1.346155031626033,0.021818696408162603,0.02268516296914778
261,1.1904526234732862,1.3466551191024285,0.021911512151380468,0.022709731734691593
262,1.1910566778472982,1.3470940146180217,0.021975452211637516,0.022660808363328393
263,1.191594383539706,1.34759439389985,0.022031210810513305,0.02270304409519494
264,1.191985957123333,1.3480440173665105,0.022120631370371725,0.02267151170531386
265,1.1924681248470115,1.3485177498358865,0.022236526111629226,0.022869809550204102
266,1.1929337110353897,1.349068679291394,0.022329147873855835,0.02292408517547637
267,1.1933873326763014,1.349520733645345,0.02239881852725662,0.023043044586363245
268,1.1938081262171472,1.350013259042761,0.022490844889316672,0.023043199175043223
269,1.1943376071481946,1.3505316577870161,0.022680808373138826,0.023106331361688003
270,1.1947853852920336,1.3509443186929582,0.022885014808519562,0.023187067686425714
271,1.1952533681998283,1.3514620508618642,0.023018902978742345,0.023288042971615748
272,1.1955817556568384,1.352021784715947,0.023186982050881585,0.023348237495935745
273,1.1959702830447645,1.3526302108017685,0.023198135412835295,0.02345421548358328
274,1.1964763842432702,1.353097693422638,0.023287893320054424,0.02350082842285317
275,1.197024958916906,1.3535092248071245,0.023469901917837738,0.023563175074868575
276,1.1974890977425268,1.3540091995058674,0.0235585125065921,0.023621275167098867
277,1.19790908853609,1.3545547808697374,0.02370283664170713,0.023702183722819757
278,1.1983413156067875,1.3552190027679918,0.02370309740913571,0.02384609579183552
279,1.1988084358984594,1.3558115257167502,0.02366956683090267,0.024007901097503996
280,1.199211493328259,1.3564968477126922,0.023784568633333544,0.024084435532691028
281,1.1996078277487552,1.3570334168599592,0.023848868365796368,0.02421126440006207
282,1.200052828022302,1.3574682894993333,0.023992819434610606,0.024405890189384834
283,1.2004856013812555,1.3579834386086298,0.024102175255651375,0.024421806271597964
284,1.2008448874955975,1.35846502962361,0.024159692203306674,0.02435157657029678
285,1.201416181696039,1.359011393981639,0.024226603812101448,0.024529224764209656
286,1.201990388807286,1.359632187174774,0.024383815054393698,0.02464041901607413
287,1.2024434146815988,1.3602827534050759,0.02438364419332049,0.024809885413972124
288,1.2028927448707007,1.3606839263688162,0.024492068712343155,0.02494059768280027
289,1.2034615033971916,1.3612716385552732,0.02458772967109486,0.02497729987731994
290,1.2039545594660532,1.3618360925540267,0.02459468523046833,0.02509256310608618
291,1.2043842066773747,1.3624053002840828,0.024695754054901823,0.02530236357400148
292,1.2048496359677654,1.3629494038048133,0.024782648893688333,0.025374227002880823
293,1.2053130680116964,1.36346858748277,0.024903226685970437,0.025623905039349578
294,1.2058145865852163,1.36399492288734,0.024930293907381357,0.025829393991999478
295,1.2062011061647464,1.3646329685238996,0.024998257772213307,0.025991169778995453
296,1.2066959208401165,1.3651988925469032,0.025133539409439194,0.025983314953853257
297,1.2072348995027027,1.365600656697231,0.02529492590510157,0.02620934180889812
298,1.2076727457297867,1.3661268887441826,0.02551577385313197,0.026364395270754713
299,1.208173652791224,1.366649494343652,0.025669581308568126,0.026465272915956004
300,1.2086022451117133,1.3671068162691407,0.025959180332390152,0.026628371131760076
301,1.2090864714040899,1.3676131468032822,0.02609952310006635,0.026767489036528345
302,1.2096529163802143,1.3681896220855696,0.02624437958723638,0.026828997595109413
303,1.210149841182511,1.3688863817073624,0.026386465165438237,0.027099828815159342
304,1.2106823986544304,1.3693485356199953,0.02660616376896145,0.027410592286147565
305,1.211147486975646,1.3698226230149324,0.026750508118813066,0.027462594454948006
306,1.2115867714925705,1.3705098045661754,0.026760917615753544,0.02770836743808932
307,1.2121495680206975,1.3711192596228332,0.027057715882284537,0.027861808694871548
308,1.2126275508882471,1.371506478868409,0.027103621096817628,0.027943219764918602
309,1.2131369685569986,1.3719801764917678,0.02732592707910999,0.028133250453214777
310,1.2136617958601854,1.3725479054839556,0.02742425807438314,0.02822840386101753
311,1.214023892230377,1.3730881056592321,0.027450581348074363,0.02841357911319586
312,1.2144911865410288,1.3735636828463853,0.02757202491425433,0.02846895534303507
313,1.2149282029112003,1.3742009582914871,0.027699065260985638,0.02869434809564699
314,1.2154454394646423,1.374728980989559,0.027819586645054874,0.02867652384386999
315,1.2160140171388973,1.3752540665689157,0.027970879284971,0.028781434868236717
316,1.2164636764726917,1.3757553184682494,0.02811496345447442,0.029087120994966006
317,1.216887500198854,1.3762293970877724,0.02822090353218636,0.029191980560911858
318,1.2173838712270773,1.3767110977410821,0.02815275956281965,0.029227876542009524
319,1.2177842856245644,1.3773316692136612,0.0282957142840393,0.02934934876732537
320,1.2183047581927773,1.3778250625892579,0.028493515737692075,0.02947944254111969
321,1.21881439866858,1.378307750363374,0.02854876298913136,0.02963018063837952
322,1.2193261099459125,1.378831414426479,0.028694354410997297,0.02984859790690503
323,1.219868028029869,1.3794545327807917,0.028781751541974446,0.030066309651933795
324,1.2203424907443607,1.379908662947724,0.02879673844215906,0.030193217180998422
325,1.2208405456281877,1.380371057060654,0.02886990761953622,0.030355352928221287
326,1.2214000501426632,1.380959462206125,0.028987171245510392,0.03045430683299941
327,1.2217899385112276,1.3814370497700559,0.029139435614764893,0.030544053082629287
328,1.2222764298649857,1.381913152906187,0.029196791832485865,0.030683180395160315
329,1.2226790875201141,1.3824782551711445,0.029421225250600546,0.03073549078877428
330,1.2231440204146116,1.3830497678416882,0.02949333104870528,0.030857395427585404
331,1.2236085053131678,1.3835293206856505,0.029660306943265716,0.030825264291500662
332,1.2241848424086088,1.3842039086046585,0.029705893311066794,0.030920113926416668
333,1.22459935611158,1.3848080482789376,0.02972307240399832,0.03098416618557305
334,1.2249638353550236,1.3853377110847682,0.029697719583631182,0.031143315524203203
335,1.2255204867363765,1.385806981394643,0.029828371726175425,0.03133314119002785
336,1.226073543398982,1.3863911960461477,0.0299213899293253,0.031423238287896685
337,1.2265639450322197,1.3869510788504043,0.03013146469431312,0.031431117743485344
338,1.227007383797304,1.3875472442181385,0.030232067545496333,0.03143102048242836
339,1.2275216141758638,1.3880372109063217,0.030219966776550825,0.031513811877959624
340,1.2279715932029038,1.3884150477233317,0.030358344813249213,0.03167858242522568
341,1.2284952504734288,1.3887636338527463,0.030555422325601392,0.03176725420770791
342,1.228906699564392,1.3893169122363016,0.030819220165150617,0.03181007291333049
343,1.2293506341279328,1.3899206522098968,0.030982104448718274,0.03189433407141757
344,1.229816144582003,1.3904329654844136,0.031135397447078175,0.03201877094227681
345,1.2301606230442326,1.3910258552139223,0.031246644475197646,0.032173071187404464
346,1.230575029783784,1.391637917547126,0.031375539679992605,0.032371054649238395
347,1.231020582463381,1.39225848980152,0.03144765368032258,0.032609261287560844
348,1.2314279592197437,1.3927824925974257,0.03154560337370911,0.03273532886869965
349,1.2319626949141358,1.3933479768445693,0.03170684591375078,0.032805625182736865
350,1.2324059938898586,1.393871480541908,0.031898540710670366,0.03297005743313584
351,1.2328041200130029,1.3943417032308276,0.03183887073014297,0.033084292407058305
352,1.2333051372899937,1.3947566373431632,0.03195885357695648,0.03325247283183332
353,1.2336956586767311,1.3952849668416538,0.03189819232690294,0.033300291760321434
354,1.2341523546698476,1.3959647084158986,0.03193445239131854,0.03342294116797293
355,1.2345681128666501,1.396514836108556,0.03204755534855531,0.03353235070838675
356,1.23500351457174,1.3971342807615157,0.03203126516510306,0.03370368287717477
357,1.2355237357461903,1.3977356945729889,0.03219217568356664,0.03382908791392441
358,1.2359036569744493,1.398194220717881,0.03232110468966278,0.03403179147045838
359,1.2363210502424105,1.3985851557214621,0.03224003214054588,0.03405316039183118
360,1.236790225730716,1.3992579952140736,0.032227346771154596,0.03423817296271554
361,1.2371449335809506,1.3997532027240984,0.032348740332164005,0.03430781499752113
362,1.2376169787115268,1.4002002232446824,0.03254669582295134,0.034348657723446044
363,1.237985979452062,1.4007437014126567,0.03246797588864575,0.034408703621390806
364,1.2385568740257538,1.4012458981621967,0.03254759151267716,0.03454853714155418
365,1.2390130200126344,1.401746721602738,0.032569576299958235,0.034693890283096974
366,1.2394579367237695,1.4021811663139285,0.032724825835284986,0.034754970605441214
367,1.240042201516992,1.4028027075726246,0.03281197933073092,0.034953492964108095
368,1.2406172465698677,1.4034148507308997,0.03289588462823239,0.03514087433728057
369,1.2410920951747022,1.4038934176576114,0.033016401042897325,0.0352835451465124
370,1.2415621818162945,1.404428324414759,0.033049197804375895,0.03536856407180826
371,1.2419869636918304,1.4048912354123315,0.03313973125773471,0.03547809759429836
372,1.2424472823293071,1.4053336478672256,0.03323562173811441,0.035654222942232514
373,1.242995943208509,1.405765282498248,0.033375002849995325,0.035816949399783526
374,1.2435716844465896,1.406283578993552,0.03333040014703371,0.035956918252783646
375,1.244046955418563,1.40666419945399,0.033385070963264825,0.03597810250605804
376,1.2444698737881066,1.4071776001998737,0.03349546540213604,0.03616482037890881
377,1.2449791582623615,1.4076762242890286,0.03343416730734694,0.036156810000357475
378,1.2453708695471637,1.4082292138807966,0.033490834416675025,0.03624303875089303
379,1.2458623328262612,1.408795308248642,0.033510577376631163,0.03631839228194238
380,1.2462476248417425,1.4093379291886847,0.03360174667816287,0.03646127519024653
381,1.2467382052892022,1.409898246877064,0.0337467767989213,0.036649896514984424
382,1.2471968312169865,1.4104818145384375,0.033829168324062506,0.036768091727633095
383,1.2477173014754173,1.4109771158086875,0.03379724803248277,0.03692243643085829
384,1.2482872080307597,1.4114407837834038,0.03377474297619582,0.03691461810276906
385,1.2486959083573472,1.4119295111576793,0.03383514555408478,0.03708925753633675
386,1.2490428046778255,1.412430736530263,0.033939566737561155,0.037041070230896166
387,1.2495607326043896,1.4128870522608137,0.03399251316162024,0.0371399026077438
388,1.2499740240127883,1.4134299421900292,0.03400655393328792,0.03716284473219385
389,1.2503716981362338,1.4140025404916257,0.0339746143875288,0.037248491771556896
390,1.2509001329230538,1.4145232647511876,0.03411456841075735,0.03733687794464488
391,1.2513895655431484,1.415006131242217,0.03422474449266674,0.03734550270614882
392,1.2519237494955182,1.4154828025176716,0.034184726442357705,0.03746684645556826
393,1.2524644928725892,1.4160402873543207,0.03426386194289633,0.03761985489036495
394,1.253032933338067,1.4165808671964404,0.034200610799355276,0.03780538952313058
395,1.2536687349282538,1.4171958290815667,0.03423574986515686,0.03792678767116422
396,1.2540853680105646,1.4176503648460588,0.034269615580327484,0.038029294647173854
397,1.2544812294392365,1.4182125942756132,0.03413148388736278,0.038090420149601
398,1.2547989314486887,1.4187593358283117,0.034235763568781025,0.03816321282213899
399,1.2552378478563293,1.4191428986007077,0.03424700049108592,0.038347391526168784
400,1.2557412742668834,1.4196716353002445,0.03420145413168962,0.03853253251467758
401,1.256183851395945,1.4202430326319908,0.034175826663427986,0.03864526221190286
402,1.2567246822199143,1.4207913818133329,0.03412136384675306,0.03878954221416898
403,1.2571428906540918,1.4211612827335156,0.0341649709102497,0.038939874592714946
404,1.257641948882867,1.4215047177763969,0.034120170984151536,0.038848452308860096
405,1.2582575341994329,1.4219040680189736,0.03418260288776937,0.0389977176884061
406,1.2588216064943558,1.4223414808668753,0.03425666537157011,0.03890628178986699
407,1.2592907533270752,1.4228379355078793,0.03429815030169548,0.038942682891920606
408,1.2598158886247073,1.4233242441154799,0.03440781700479318,0.03900731871880585
409,1.2602798633610766,1.4239118724991982,0.03452037125374527,0.03900201314995618
410,1.26083540430992,1.4243985166226185,0.03453625556931445,0.03905716335260844
411,1.2612773016967573,1.4249153702370378,0.03459379999795804,0.03918381744661991
412,1.2617283022534642,1.4254615590165836,0.034721097044317514,0.03926056866732774
413,1.2621898768852382,1.4259615415119569,0.0348451064290539,0.03939221637233685
414,1.2626410592144695,1.4265274053119505,0.03488057668550507,0.03943709351690953
415,1.2631148708050772,1.4269290370305345,0.034944538874258274,0.039502782959582684
416,1.2636064312590414,1.4273216109424098,0.034872612604349415,0.039489955006978154
417,1.2640238755350266,1.4277920286433703,0.03490403693860519,0.0395617482410108
418,1.2644622454258994,1.4281333118992623,0.03495579267750263,0.03958724656230183
419,1.2650324279714475,1.4285811886736943,0.034953042434353335,0.039779735815278994
420,1.2655265857503515,1.4290835276128184,0.03498798569650073,0.03970621836032184
421,1.2659637018308019,1.4295550846233618,0.03504869569012936,0.03989509807596368
422,1.266416145737425,1.4300426464789473,0.035098466841090276,0.040086476237113595
423,1.266877744414109,1.430605373022876,0.03516545406394996,0.04016894611189557
424,1.267380771026475,1.4308711849508449,0.035255144011599834,0.04020677158443505
425,1.267832329859705,1.4313414720198872,0.03527989182057176,0.04028472628423901
426,1.268392700272891,1.4318808143396586,0.03545698047080355,0.04042014193569434
427,1.2687284449117961,1.4323961849759914,0.03549184117001229,0.04041909782335884
428,1.269208292576526,1.432789667930724,0.035566448097131255,0.040580935521146715
429,1.26962717154614,1.4334156986411555,0.035586362643811736,0.04063843232743422
430,1.270169483149521,1.4337405507863699,0.035736563795093726,0.040666630358631675
431,1.270637760509254,1.434288349154871,0.035758634972473474,0.04072458506598114
432,1.2711426165640274,1.4347748131174738,0.03584685640381214,0.04071049635258432
433,1.2715365635088267,1.4351620293388756,0.035920009603913144,0.04070849438179283
434,1.2719633539458988,1.435569164498776,0.03603919689977494,0.04077417395358069
435,1.2724697763245956,1.4360517099872772,0.03602064835906221,0.04089643151518718
436,1.2728229432615774,1.4364512849592572,0.03609497961824945,0.04087528779015678
437,1.2732955429148924,1.4368901299803303,0.03606956072394399,0.0410336851614112
438,1.2737281551120816,1.437247212227979,0.03620937499355093,0.04107642699252648
439,1.2741490413962746,1.437750048637539,0.03638009306559624,0.04113207627574734
440,1.2746013433941834,1.438275989641171,0.0364608457349393,0.04114675619763632
441,1.2750896050509675,1.4387880146009422,0.03665753319002169,0.04123070617453899
442,1.2755394817481966,1.4393511766923464,0.03674717900853561,0.041355319191859335
443,1.2760286146564628,1.4397707991764372,0.036820704639991195,0.0414848602434779
444,1.276538480348442,1.4402388899875285,0.036808412600280754,0.04158436287606385
445,1.2770620980518133,1.4406156040978173,0.03691803676447626,0.041726264043793655
446,1.2774224642172627,1.441166528772468,0.03692033063772106,0.04192642152608538
447,1.277861923256267,1.4416417689154843,0.03697962948446728,0.04204423652468744
448,1.2783008659850648,1.442196489315828,0.03705287512706362,0.04213219958401001
449,1.2788707105767423,1.442594851025487,0.03710035766796707,0.04223014859077296
450,1.2792286704123657,1.4430886253501694,0.0371245295201775,0.042352245113188275
451,1.279740828434729,1.4435784648950287,0.0371963985439527,0.04238527563447843
452,1.2801742035599475,1.4439967922998733,0.037340568063894373,0.04245322163877182
453,1.280573539571986,1.4443493411296384,0.03733095920911986,0.04250967560451965
454,1.2810234734350356,1.4448311009982673,0.03738041955930868,0.04247011247981521
455,1.281522481923377,1.4452841574570146,0.03751682125605397,0.04250748771266855
456,1.2819038556899403,1.4458211904468987,0.03757407024765494,0.0426080614410007
457,1.282369007673566,1.446301514761172,0.03776823528952998,0.04279988548078114
458,1.2827329881155836,1.4467908777662857,0.03783265532485095,0.04278847191227968
459,1.283291381266223,1.4473400766338136,0.03795348667455928,0.04283899760036584
460,1.283841458969781,1.4478885136163364,0.03790520044697993,0.04300843267362988
461,1.2842763544153946,1.4483249466344787,0.03785157565445483,0.04301850582503537
462,1.2847893042745235,1.4486081708931824,0.037925358722424155,0.042889823310153403
463,1.2853623107829322,1.449022564207968,0.038055921252043004,0.043100303824607035
464,1.2858568533956642,1.4494661003603972,0.03812048316511013,0.04305299883797805
465,1.2862877998676854,1.4500165789505985,0.03805423987831141,0.043143669217171214
466,1.2866990415726418,1.4505108979499461,0.03817658080606895,0.04306894670818831
467,1.2872563733750442,1.4510955780381605,0.03813966504514646,0.04314230837335779
468,1.2876906314987937,1.4516749546531613,0.038079312799925075,0.043306803259224494
469,1.2882338204846429,1.4522164947433678,0.03814235624506682,0.043455039145678144
470,1.2887019742187322,1.4527344005376148,0.03804790982711793,0.04342207207491011
471,1.2890669572227282,1.4532551471967075,0.03808138297775167,0.04362541814890807
472,1.289648407465202,1.4538068717073196,0.03818172379309308,0.04377691651141838
473,1.29022446474852,1.454262374854328,0.03826281925446935,0.04380482508479959
474,1.2907237173347108,1.4547797207884998,0.03836307858459537,0.04386040076038565
475,1.2910742505228077,1.4551910835822133,0.03838461170892469,0.04389444286718675
476,1.2913770541851823,1.4556843707472098,0.0383655191192175,0.04399130793520349
477,1.2917515382540503,1.4560921297328528,0.03845232228784937,0.044038564813355024
478,1.2921925274421824,1.4564387666189464,0.03844707484829329,0.04415874221075963
479,1.2926467902425227,1.4569371402265139,0.03848133214432285,0.04422717349793752
480,1.2930102111605108,1.45736486149685,0.03845754747034786,0.044140520774747505
481,1.2935752860927026,1.4578587560626235,0.03857443535968333,0.04431776477855888
482,1.2941058052041579,1.458351086677159,0.03855919750403296,0.04434370665114276
483,1.294619928311642,1.458717088748849,0.03849939401662897,0.04434244825138583
484,1.2951139597443706,1.4591251884320706,0.03853025087521367,0.04452623629306065
485,1.295612693610172,1.4596999324184807,0.03860434195742388,0.04471408077260138
486,1.296183720991952,1.4602074611505365,0.03875089181172675,0.044754348527606784
487,1.2967050866344172,1.4607804420855433,0.038742328011425464,0.04461569818591601
488,1.2970659945690155,1.4612713662784744,0.03873168293835905,0.04459895225682745
489,1.2975297276403452,1.4617666255872794,0.03876221682154489,0.044671211357119996
490,1.2980984882080042,1.462232322473982,0.038781106689620974,0.044657804328540815
491,1.2986516002490498,1.4627292874231594,0.0386940990241432,0.04461236594974159
492,1.2990610432834553,1.4631975525561964,0.03876927573708932,0.04464336728056704
493,1.2996086488724907,1.4636330615792554,0.03898937897312945,0.04465636728222665
494,1.3000961273432927,1.4641211948862056,0.03892553990450886,0.044610801456464254
495,1.300611601955157,1.4645710270436556,0.03899878883860915,0.04462333178653007
496,1.3012836013710032,1.4651674834241424,0.03899132288802855,0.04468773181817355
497,1.3016740043072774,1.465771519951948,0.039055677663395454,0.0447295573523489
498,1.3022142362592397,1.4662466693443093,0.03909397606602987,0.04493529966805237
499,1.302670480022333,1.466803186564124,0.0391396719414807,0.04497990861304631
500,1.3032137525560574,1.4674015117211825,0.03914804645641735,0.045062319575079945
501,1.303798003630617,1.4677921132866407,0.03917684962465008,0.04510107577773348
502,1.3043286091918602,1.4682437261196433,0.03923594685980609,0.04513211115453751
503,1.304854378307568,1.4686309840299276,0.03939023485924035,0.04509374595950892
504,1.305338150737241,1.4691697095552638,0.03948215390870191,0.04521422189619853
505,1.3057677122575466,1.4697192937853782,0.039391270742469627,0.04533544574501992
506,1.3062179431307828,1.4701798393364303,0.03946180583964191,0.04526788493256421
507,1.306849239233822,1.4705763465757655,0.03952169268288613,0.04522747127249302
508,1.307303426638415,1.4709630780787166,0.03951047388530455,0.04525291600594669
509,1.3077918902165557,1.4715213556156765,0.03959816520991575,0.04513785293909453
510,1.3084323780802034,1.472057226601111,0.03977584347610645,0.04508224476735035
511,1.308823573807046,1.472524875572863,0.0397458323541371,0.04509705718157314
512,1.309161919493638,1.473117616689835,0.03976296025041262,0.04518804358385007
513,1.309663204801418,1.4736133956161097,0.03978200891680801,0.04516046028315675
514,1.310156541806957,1.4741936822085377,0.039634222109876244,0.04508921670625688
515,1.310606350671932,1.4746715996158843,0.03972435867397442,0.045235677708903584
516,1.3110814211717878,1.4752168445822518,0.039691455077238785,0.0451857179227237
517,1.3116596419098534,1.4757071288884356,0.03975919695271409,0.04524311312921948
518,1.3121907355406917,1.4762536332477023,0.039908414777099166,0.045225189054471045
519,1.3126276996215824,1.4767258017805431,0.04000441104032198,0.045242610383613505
520,1.3130283571360974,1.4772539918120557,0.040009929881393,0.045174546591722056
521,1.3135500746976263,1.4777180105113175,0.040019508113923755,0.04520661806270143
522,1.3140715237773946,1.4780858929033984,0.04013549720861162,0.04532290060933881
523,1.3146899091946345,1.4785371047332347,0.04029679635669862,0.04523383288695679
524,1.3152568430749068,1.4789234414484012,0.0404084063126621,0.04520853846403943
525,1.3158040562873534,1.4793928804330436,0.040472685289335404,0.04538629185142334
526,1.3163123157119854,1.4798980423831802,0.04052587226763187,0.045282175843055696
527,1.3168319678772529,1.4803556431489546,0.040646452157657116,0.04528983491670901
528,1.3174081643440203,1.4809434706607345,0.04065523310888214,0.045255385911658896
529,1.3179085214567356,1.4813801406112617,0.040675105024326995,0.045327622954563475
530,1.3184283066759115,1.4818997407739152,0.04083177738932051,0.04533052291011666
531,1.3190255441696377,1.4823579451217466,0.04086732108886276,0.04514652653244116
532,1.3195737029517722,1.4828499686173484,0.04101675479168413,0.045302040996644234
533,1.3200469366768124,1.4833209524435904,0.041105055796039576,0.045341663900901996
534,1.320533413136816,1.4837231394008672,0.04116009414431549,0.04536934470800436
535,1.3209581375609627,1.4842628126822788,0.041122276548553396,0.04540740998805202
536,1.3214191183819795,1.4845881793256326,0.04128243803131143,0.045348332373467415
537,1.3218005969049178,1.4850211559600794,0.041438359278183325,0.045436916630175204
538,1.3222979139166018,1.485569095777931,0.041465581290261795,0.045604476681712074
539,1.3228650367335952,1.4860350352024485,0.04155866073224317,0.045493455589677545
540,1.3233277870183766,1.4864583800308209,0.04166204121287409,0.04569689854193173
541,1.323851859243731,1.4870873916691947,0.04177720673740011,0.04577257690480409
542,1.3242317662238516,1.4875359926952434,0.04195087436887582,0.04561588526213707
543,1.324765655317866,1.4880238066396851,0.04196480176671403,0.04561550207789611
544,1.3251719670061703,1.4885061408829787,0.04184922557428344,0.04573406177497427
545,1.32566445566004,1.4890404282398617,0.041866241829995765,0.04573155295355658
546,1.326134844303803,1.4895455719807105,0.041938068314581245,0.045677710638075825
547,1.3265884497294405,1.4901736613745775,0.04198875236550246,0.04576881491632757
548,1.3271027870883305,1.4907906588499948,0.04208544133076317,0.04578404032369682
549,1.327591694149711,1.4914027708351612,0.04210249262919574,0.04582499495377244
550,1.3281986112269055,1.4919591611715406,0.04214783681133418,0.04577687016156043
551,1.32870351539157,1.4924502680397322,0.042226495025948545,0.0459183618771435
552,1.3292241883543903,1.493104419879914,0.042155331184402414,0.04599315385136322
553,1.3296651443949248,1.4936317321455856,0.042247534505154644,0.0460558472713506
554,1.3301871026142387,1.494136254723608,0.042285015655932276,0.045998022718686374
555,1.330566966678861,1.4946358868969087,0.04225551953822564,0.04596834816781153
556,1.3310904099135814,1.4951939734920818,0.0422183114146808,0.045971918739931054
557,1.331631028781554,1.495973060364814,0.04227827344835868,0.04606134540915017
558,1.3320038904630749,1.496440457572844,0.04235984214892694,0.04602776288743168
559,1.332393501890286,1.4969933061680551,0.042410974305441336,0.04611103821585946
560,1.3329002230657034,1.497628095199301,0.04248887533417573,0.04615014753620761
561,1.3333110692294798,1.4981542383562638,0.042521189020505515,0.046222777773991565
562,1.3337864161340638,1.4987601516127977,0.0425300269295578,0.04622730003502578
563,1.3343402762980483,1.499281852641856,0.04257808189419097,0.04623902785168198
564,1.3345934596820501,1.4997892845646503,0.042693361581883256,0.04626979156289595
565,1.3350636053778318,1.5003262350455913,0.04264495523942137,0.0463741391421984
566,1.3354796999620513,1.5007567011901601,0.042720804671988494,0.04653272914743427
567,1.3358840506841303,1.5013187615874752,0.042782594050079226,0.046618697215439084
568,1.336267320766749,1.5016131798919528,0.04286667206757487,0.04664508621645824
569,1.33674616368768,1.5022634235640893,0.04302531907523417,0.04671655264650015
570,1.337245808964926,1.5029369433987467,0.042995741623890936,0.04683280135715164
571,1.3376267265761657,1.5032796732570606,0.04293539138082302,0.04685153562845305
572,1.3380978417373999,1.5038359151028766,0.04299767876418885,0.047084277870769076
573,1.3386144268176547,1.5045403306368907,0.04311177034099377,0.047267798503372586
574,1.3389576554319857,1.505092681365256,0.04314039477667727,0.04732851737706087
575,1.3395280447092732,1.5056344932718404,0.04322453849167438,0.04736678032944094
576,1.3399881778411253,1.506119476163255,0.0433471036865631,0.0471277763880735
577,1.3402068703761636,1.506591532704854,0.043367440478173036,0.04718976810872168
578,1.3406768084880212,1.507085438409101,0.04338660506180766,0.04738391422949408
579,1.3411248079741793,1.5075430224160582,0.04343693916017312,0.04734067593061351
580,1.3415594589563131,1.5079681388702924,0.04343393419693428,0.04726517140423
581,1.3419998890708962,1.5086049336788554,0.043484648592809726,0.047320331122416966
582,1.3423973482965632,1.5092411955210636,0.043453718930303545,0.04749827725343702
583,1.3429876411909953,1.509806291846116,0.04356242232927032,0.04761677354512089
584,1.3434217332388365,1.5103223315141496,0.043604797431064934,0.04770978302093495
585,1.3437588062547023,1.5108877748289609,0.043676441982033645,0.04770744723915922
586,1.3443731946712483,1.5114479269205154,0.04382517742011585,0.04784379726963928
587,1.3448151805017912,1.5119959111140195,0.043799352574115546,0.04791569833114208
588,1.3452904710911537,1.5126469663921764,0.04377548588490609,0.04790650508494711
589,1.3458155549444855,1.5130911377948026,0.04373334859775379,0.048018211776411315
590,1.3463443786179738,1.5137054959107954,0.0437244452966819,0.04801695780041603
591,1.3468488422157512,1.5142308312818107,0.04373507466335712,0.048097960654663
592,1.347219233815498,1.514715175042104,0.04387341270951674,0.048212443801632025
593,1.3475842816184933,1.5151318331375672,0.04398792262604099,0.04846269324131995
594,1.3480198398904495,1.515584847859334,0.04413984154712559,0.04840185547222568
595,1.3484486393485966,1.5160619317230155,0.04407402545541562,0.0484137702167507
596,1.3489181146045377,1.5164341449567291,0.04413092324346412,0.04845580055062857
597,1.3493706523882594,1.5169622100515106,0.04416635598740798,0.0483087664572141
598,1.3497425724813938,1.517569510951739,0.04421367007396985,0.04830851656321788
599,1.350275215852824,1.5179295173951795,0.04426502035247061,0.04836542216537372
600,1.3506475140921723,1.518601615642803,0.04423729643564811,0.04842759820289445
601,1.3511371899824456,1.5190771990546486,0.044287854000975166,0.04844900452978886
602,1.3515421833547483,1.51960866298488,0.044338843893942076,0.04841853515601477
603,1.3520361294290597,1.5202571202056625,0.04434583912283924,0.048401064995947304
604,1.3524972739942591,1.5207194516200055,0.044382009317380705,0.04821736397916345
605,1.3529223182648047,1.5211911694412903,0.044441326766361894,0.048184991876303346
606,1.3533810077918906,1.5217959291139223,0.044483827935997415,0.048193051065607236
607,1.3538954870521842,1.52239802520312,0.044572711103926244,0.048115365247392405
608,1.3543542777776043,1.522947531358958,0.04466418659200561,0.048183749227811
609,1.3548559380157241,1.52349038940189,0.0446714429008587,0.04829821967320968
610,1.3552682735568737,1.5241107619118557,0.04480276397665372,0.04835422609646671
611,1.3557137958766774,1.5246695974177016,0.044956228446224156,0.04843193423303668
612,1.3561932703910835,1.5252185316735554,0.04501734148738213,0.04837659629236147
613,1.3565246346834723,1.525752022085143,0.04500613429850854,0.04839967709908321
614,1.3568813297447861,1.5263723447045052,0.045082064229792926,0.04849004703419781
615,1.3572222878184457,1.5271604309580349,0.045084296720370405,0.04851836168869673
616,1.3577305263921517,1.5278650525980684,0.045105310641166844,0.04854036683928877
617,1.3583001759284943,1.5283326694960278,0.04514658620967874,0.048538927405098034
618,1.3585899318634238,1.529087520805037,0.045122193917043314,0.048624419482660025
619,1.3589688511716826,1.5298338108400922,0.04526923692526354,0.04874518911649317
620,1.3593878322037396,1.5305617183271132,0.04538364672785229,0.0487448958084379
621,1.3598277698421142,1.5309629083341536,0.04538181836982644,0.048629724734837655
622,1.3602306799420836,1.5314876926059378,0.04539680591011449,0.048741910296942234
623,1.3607512457036193,1.532078526354158,0.04545825930478616,0.04877646755934615
624,1.3612147591642576,1.5327456352486681,0.04556312258502012,0.04869965091002459
625,1.3616278484351296,1.5331760795508906,0.04572629593217929,0.048600544770761644
626,1.3620537777499768,1.5337708845509228,0.04584484133683083,0.048739787473786496
627,1.3624826274768496,1.5345783328662268,0.04587562125239312,0.04874537026830696
628,1.3629422208396802,1.535330745469553,0.04590807243517393,0.04885244771119407
629,1.363388434746476,1.5357676900648398,0.04608512413842441,0.0489122401812215
630,1.3638326475336071,1.5363336348669856,0.0462654289555413,0.0487958279925676
631,1.3642827586702122,1.5369601809333588,0.04625558235211489,0.04883220175180986
632,1.3648372194839586,1.5375368491839256,0.04631232891146872,0.04892418990592167
633,1.3653309559519249,1.5381531661194683,0.046356368923368876,0.0490297304003606
634,1.365638188260608,1.5389250471530516,0.04644256673991568,0.04926907254134937
635,1.366127146618861,1.5396369637207235,0.04654822731148382,0.049251847483436424
636,1.36658941647598,1.5403460877284743,0.046762443479580626,0.04925543453992229
637,1.3670745900441585,1.5410246680276551,0.04693117429816004,0.049314926592157284
638,1.36764297823225,1.541566654100002,0.04709641686139028,0.04927389045928584
639,1.3681174934604043,1.5422187143496666,0.047103394403448344,0.04937072914531361
640,1.368562939045418,1.5427934186123915,0.047152470559609465,0.04941988411143987
641,1.3689943729721465,1.543416268301496,0.04726834304081364,0.04956977125046275
642,1.3695465915107843,1.544121484562129,0.04743129933874665,0.04970533002652475
643,1.3699397517472887,1.5446661863393112,0.047503805728144395,0.04973980069602834
644,1.3703273693702653,1.5452644179574258,0.04756344427934274,0.04971370675074458
645,1.37080369477943,1.546050198771353,0.047517983480910825,0.049658755732969205
646,1.371212466253911,1.5466776167007998,0.04763400119739384,0.04983831737056046
647,1.3716343819244452,1.5473274422620298,0.04784149070944184,0.04987232311814235
648,1.3721182314820262,1.5477140897442059,0.04790774428872124,0.049901220134127615
649,1.3727658083907235,1.548374553966338,0.048139066678496094,0.049983056899665416
650,1.3733053105486683,1.5489959275187544,0.048141498319985286,0.05009909915678634
651,1.3738366316275563,1.5495881431426064,0.04825425491721465,0.050173187484214614
652,1.374369413392822,1.55019155295951,0.04839912480717926,0.05018264892041724
653,1.3748250205930277,1.5507395969188622,0.048474435241252486,0.050300700062499044
654,1.3754022030455486,1.5512849751200668,0.048709894159499244,0.05028450778357151
655,1.3757841755783775,1.552026928127898,0.048770129102350374,0.05055271295637208
656,1.3763522259260492,1.5526596928388046,0.048827136772917674,0.05070178098290849
657,1.3768364799690787,1.55329740833727,0.048935571166302004,0.050722361341627886
658,1.3773808053941292,1.5539381501756577,0.04895393560701136,0.05077155531881777
659,1.377794410177413,1.55461708886208,0.04904320618094067,0.05104726976446897
660,1.3785285765778748,1.5551620498083898,0.049270030721108346,0.05116572180461977
661,1.3790013625258626,1.5555028481361362,0.04938463664767551,0.05120843918386573
662,1.3796366492303451,1.5561506200833215,0.04953214790123938,0.05137010784664001
663,1.3801750848532048,1.556742640509425,0.049789080422492416,0.05141368027680696
664,1.3807317766756688,1.557316377021675,0.049960256143404935,0.05159045141820136
665,1.3811734516897822,1.5578918117503469,0.050042839216617514,0.05171519050806271
666,1.381763531066972,1.558465385219661,0.05018333696903372,0.051878295560464464
667,1.3822800667649133,1.559000114480136,0.05036583511770115,0.051957977347425445
668,1.3828058786581026,1.5594884251914982,0.05046849837445068,0.0520554259617136
669,1.3834085569284187,1.560132563757538,0.05064271029875148,0.05199277407582172
670,1.3840167323613999,1.5609254083772905,0.05077661348115027,0.05192341871102834
671,1.384639927718705,1.5614961645064664,0.0508150479718201,0.051990135482479376
672,1.3852916368516526,1.5620885963639393,0.05085521030577907,0.052007886084431354
673,1.3859034304434972,1.5627758358067636,0.05104459534823567,0.05222789495618402
674,1.3863574628497946,1.5633293543398772,0.051206109480769486,0.052193309791774445
675,1.3868948585637224,1.563892570334186,0.05141773552931312,0.05229078148624313
676,1.3873757383507308,1.5645498933579927,0.05152522223323369,0.05240304755714578
677,1.3879063403275318,1.5652728360741253,0.051688926595156816,0.05255241261785334
678,1.3883570470096804,1.565849500613367,0.051795865668459944,0.0527765260641102
679,1.3890049487404992,1.5662948636247256,0.051832227155091205,0.052821048809962336
680,1.3893817709761855,1.5668722498473904,0.05189500324449841,0.05279213154713999
681,1.3899624511694268,1.5674247207351044,0.05199746665326335,0.052960900521811086
682,1.390410336729399,1.5680020804085055,0.05200001366082131,0.0529844704642881
683,1.3910525342628504,1.568542056410202,0.05208956016048763,0.05314951959810049
684,1.3914912051513681,1.5692066613796758,0.052218886756992766,0.05317947665993158
685,1.3920577545819919,1.56976238862294,0.05242480329161165,0.05312304637478233
686,1.3926885087105227,1.5702602528729606,0.05260996446594338,0.053204800960008014
687,1.3930254050930646,1.5707987382143915,0.05249386934031269,0.05324047275582206
688,1.3935778176491522,1.5714128982809907,0.05267014797134246,0.053218701726347906
689,1.3942292855279297,1.5719692070973361,0.052831784416676825,0.05326607912490502
690,1.3947994381595477,1.572572589992266,0.0529920509788938,0.053395286318515596
691,1.3953479225510774,1.5731134744508344,0.05307358147403495,0.05342803863449722
692,1.396041867991265,1.5737993572520979,0.05325684465982088,0.05346374268596672
693,1.3965612936300627,1.5743170403714433,0.05343649732628416,0.053538273254356596
694,1.3971269187829436,1.574911780197707,0.05349957776362356,0.05351191570765726
695,1.3976958367944647,1.5754106747535033,0.053529311613234765,0.05340200186950575
696,1.3981820318162206,1.575979125117239,0.0536729712683083,0.05336037226883764
697,1.3987757967385972,1.5765621923608637,0.053839569618144574,0.053412880429704705
698,1.3993692417954062,1.5770114393050587,0.05391078846728667,0.05333371065219494
699,1.4000142995536136,1.5775796275379974,0.05401366448977803,0.05338488172120634
700,1.400583536342101,1.5782445764995803,0.054134555939247715,0.0534100729378006
701,1.4011659092731146,1.578716928393317,0.054255417718863684,0.053468880989286226
702,1.4017276554557845,1.5792962195802915,0.054377090452459066,0.05353827864073619
703,1.4021208595114572,1.5798385218417519,0.05446959132868177,0.0535617284370242
704,1.40263383825521,1.5803767230962091,0.05463156802535713,0.05358968556405854
705,1.4031951709375121,1.5809800102360436,0.054840680865969736,0.05353153557536249
706,1.4038103234632302,1.581540027294222,0.05504893032762714,0.05344107543969876
707,1.4042664270413128,1.582009714642136,0.05505859621674684,0.05341648951643789
708,1.4048015975038637,1.5827006040228309,0.05512453322187309,0.05355888459672377
709,1.4053467096546266,1.583225381561577,0.05525515070877963,0.05364128796914927
710,1.4058696189681112,1.5837023189989337,0.0553616996770049,0.05364055931361504
711,1.4063473474921508,1.5843464593456378,0.055508158012016216,0.053712215053636485
712,1.4067508149794374,1.5848792267052416,0.055493763889323464,0.05376450095013673
713,1.4072343281648316,1.5853517959750763,0.055585760018990356,0.0538710424992139
714,1.4075379139885025,1.5858526934691866,0.05561260898408912,0.0538406874748246
715,1.4080257305544925,1.5864934136586786,0.05560037946505768,0.05397214058931119
716,1.4084444481335325,1.5870777945188308,0.055706379603822166,0.054004035533464716
717,1.409046214237564,1.5876480490172875,0.05586043466705705,0.05417340019479586
718,1.4096108552503106,1.5882185775861066,0.05595952741501386,0.054214268099677124
719,1.4101679167226662,1.5887627187549742,0.05592275000878546,0.05420945673684329
720,1.4107849436373374,1.5893836260557408,0.05600268569924192,0.05428472521293099
721,1.4113779707843292,1.5900469182803874,0.05615036191242039,0.05443407077940661
722,1.412049747947328,1.5906111842763357,0.05612526857133159,0.054438765089714354
723,1.4125531622098038,1.5911723249912422,0.05626094022531016,0.05450563388931773
724,1.41306218160813,1.5918657610299973,0.056283823766530405,0.05466491993876879
725,1.4136478108442148,1.5925203123670817,0.05635193573601468,0.054772515904788543
726,1.4141839712534965,1.5929863837507463,0.056426123692939985,0.054837917141378395
727,1.4147552172399036,1.5936897280495124,0.056478841781098015,0.054861536606174134
728,1.4153483660300472,1.5942908983938515,0.05663048495425679,0.05485326767843087
729,1.4158323548946812,1.594724478715414,0.056695428701482184,0.05484394482695833
730,1.4164331689198693,1.5953495706193521,0.05686013544234425,0.05492629014008797
731,1.417049945998751,1.5959425936023481,0.056886804559147006,0.05505019310404874
732,1.4175869718116936,1.596449321749953,0.05699007562270813,0.0550667722813573
733,1.4180511021516624,1.5970398460001656,0.057179523104917106,0.05511249545048354
734,1.4185892559644557,1.5975806152763752,0.05726392296291348,0.05514776972008848
735,1.418965537692504,1.5982093867217,0.05733959966106841,0.055219107512505944
736,1.4194887060007804,1.5987246133399355,0.05726821492340412,0.055227613029106164
737,1.4202188824507544,1.5992701146206025,0.057396161301769395,0.05536275598556489
738,1.4207121347519425,1.5999286384073923,0.0574579190885595,0.05547915874658891
739,1.421263313044148,1.6005495836847379,0.057569299052490086,0.05562184031074455
740,1.4218981314921066,1.6010993591519036,0.05762681141137319,0.055574575528725106
741,1.4224309303948715,1.6016004470184473,0.05760612318856983,0.05564157757182207
742,1.422970129439934,1.6022330930077144,0.05751822812787671,0.05568849573216868
743,1.4236214548978503,1.6027929572033435,0.05753322796384683,0.0557827331780577
744,1.4241821725750046,1.6034528392892726,0.05766715727935138,0.05579890278639676
745,1.424850895697242,1.604162628507849,0.05768366450859697,0.05589591478548393
746,1.4253361080591105,1.60474313082859,0.0576787051713738,0.05596994856424718
747,1.425857398164201,1.605424609417642,0.05768198617771071,0.05606807245901113
748,1.4263466846443043,1.6059804160420592,0.05773511885023203,0.056039362416931394
749,1.4268686553317698,1.6066136521432273,0.05765261303112806,0.05616575718665063
750,1.4274669054338145,1.6071679006231117,0.05765515174210127,0.05618855172659714
751,1.4281331036337193,1.6076888791284687,0.05756161181164368,0.05628571897296873
752,1.4286289335190046,1.6082585586258191,0.05755396562266654,0.0563406128406258
753,1.4291136157497981,1.6089905102355564,0.0577243631271421,0.0565176924775323
754,1.4297974336082822,1.6096660841769848,0.05777787048092395,0.056456746250039096
755,1.4304394886896332,1.6103833073922125,0.05784851486870431,0.05659234551311873
756,1.4309182840863375,1.611013376992218,0.05788962504217734,0.05666822458719201
757,1.431348195334057,1.6116801122262854,0.057782919607486855,0.0567706635532999
758,1.4317914147123256,1.6120307045152373,0.05788475442016557,0.05695078699910606
759,1.432408002542024,1.612728004084841,0.05799884411776068,0.05706602289553896
760,1.4330000358552195,1.6134004280689864,0.05803771114755521,0.0571162333277451
761,1.4334495143412431,1.6138632916868727,0.05807105305995502,0.056987112219306704
762,1.4339543010124995,1.614463268775978,0.05811580752238628,0.05695637742985749
763,1.43437494697543,1.6148798739934054,0.058111466395820884,0.057023596867651224
764,1.4350336457004693,1.6155461003625626,0.05823740499873161,0.05699561017100457
765,1.4356253104195316,1.6163558121820152,0.058192416523946855,0.0569254799595357
766,1.436113533326492,1.6169111501457414,0.05809018699631219,0.05700617848396735
767,1.4365813612915594,1.6173563258430013,0.05809756587714,0.05704083498212462
768,1.4371278108398078,1.6179910412748262,0.05801783599998922,0.057178413283950756
769,1.4376493695707204,1.6184539819386838,0.057977025125417234,0.057313224716733925
770,1.4382668632339435,1.6188155591031597,0.05812986006087315,0.057281454325880984
771,1.438773720895494,1.6194811793479886,0.058228302769131234,0.05747352854327616
772,1.4392358489472352,1.6200654204305176,0.05819786493955589,0.05761167791104516
773,1.4397459348964015,1.6205801897796306,0.058057548490217756,0.057667659235414274
774,1.4401835906099614,1.6213709385879662,0.05803221177877688,0.05782419347429325
775,1.4406198675775617,1.6219601609452774,0.05813378515768629,0.05783844795437076
776,1.4411536319929963,1.622625689419488,0.058181323361706075,0.05790791893731991
777,1.4417483388165246,1.6231282006578538,0.058192042379763505,0.05780447950722004
778,1.4421422991000725,1.6237111206796004,0.058134435788036724,0.05791204627886336
779,1.442587587700552,1.624280409458051,0.058162453763608915,0.057868373064337585
780,1.443067005941732,1.6247961486013747,0.05816754633055598,0.058095846331744826
781,1.4436032895624842,1.625419493666292,0.058160927933992496,0.05820909356621696
782,1.4441637464648012,1.625948908910052,0.05814139354437653,0.058235753441075774
783,1.4446591438989986,1.6264789083215854,0.0581391913341219,0.058242749418843644
784,1.4452258049896427,1.627236584921003,0.058230887225090636,0.0583448167129299
785,1.4457259491615624,1.62773153552425,0.058210227695641124,0.05844027755157897
786,1.4462190412791631,1.6284065165709074,0.05814123405844016,0.05871282649167127
787,1.4466078391520703,1.6291720848144602,0.05807433459540209,0.05860569787178737
788,1.4470471549684,1.6296508764053772,0.0581119569995193,0.058740509332658786
789,1.4475695026766402,1.6304037471729407,0.058143427814636675,0.05882280639444543
790,1.4480526847499626,1.6309468937239258,0.05828151978383576,0.058877662937360284
791,1.4485426693691112,1.6314057300263856,0.058239656430620165,0.05890734385693921
792,1.4490977839110772,1.632012112956633,0.05835054814112099,0.05896774562399212
793,1.449666273328869,1.632482480972537,0.05845353500106435,0.05898938375724939
794,1.4501144667035357,1.6330793256129597,0.05849916004012669,0.058951092672013324
795,1.450555119533422,1.6337468841919263,0.05846539438653413,0.05898417029572533
796,1.4510381219556543,1.634236264093614,0.05846817792144434,0.058868845874344065
797,1.451497207553305,1.6349678544650679,0.05844151422695011,0.05892258840643378
798,1.4519701195388515,1.6356213322273099,0.058489694640488296,0.0590098587704987
799,1.452456710313218,1.6362242366024042,0.058386976893126254,0.058820896436010704
800,1.4529742414003044,1.636906159685999,0.05850750753592696,0.05880864382783046
801,1.4535578035882113,1.637476789333113,0.058511322909046294,0.05890034754211756
802,1.4540893594737794,1.638078979389673,0.05857545943263309,0.058798944569889953
803,1.4546764458112253,1.6386789373065285,0.05850179652851782,0.058916344270811175
804,1.4552363912305637,1.6394365394170456,0.058591865741330316,0.05880237949775463
805,1.4558495248226015,1.6400986571184937,0.05871568358041847,0.05900744487046047
806,1.4562704602267422,1.6406638205289281,0.058676061870571686,0.058910323921910514
807,1.4568776634581786,1.6412113495079703,0.058831617672741046,0.05905305603662492
808,1.4573271273688102,1.641886283650426,0.05880136398710573,0.05888329037266728
809,1.4577905744958082,1.6423710269465333,0.058777135419660946,0.058877948257803896
810,1.4584152853623202,1.6430310995341828,0.05883909525420215,0.05887731067886281
811,1.458930253834154,1.6434687549947278,0.0587327527096993,0.05893934861138488
812,1.4594854076403823,1.6440936196512619,0.058652487481107844,0.05879639267492713
813,1.459875370835229,1.6446740927480017,0.058678384370586166,0.058835865207428624
814,1.4603935400662655,1.6453586852259452,0.05873184483112222,0.05891586007700344
815,1.4609174879597346,1.6458939170384193,0.05881218947649028,0.05893968994913182
816,1.4614938171429608,1.6465063742135038,0.058877573441066706,0.059031138951525924
817,1.4619301758102048,1.6470733148061965,0.05901948901126207,0.059152864358449075
818,1.4625563047093673,1.6475263436168373,0.05915347745461648,0.059223995883819096
819,1.4630462105727997,1.6480607439471586,0.05920848978261879,0.05933911705411357
820,1.4635549742280742,1.6486560036349176,0.0592834381296917,0.05948589829795229
821,1.4641212328041435,1.6493126059433618,0.05938193642952258,0.05953950814456252
822,1.4645625163644829,1.6499703959130076,0.05942831242523857,0.05962854749272745
823,1.4650131981919194,1.6506214400649457,0.05946135038802043,0.059635051793781396
824,1.4655387330676364,1.6511799984987021,0.059660903247582005,0.05980976362041293
825,1.4659845152223292,1.6518603768657232,0.05976285348681464,0.05986226960884541
826,1.4663935872578509,1.6525762440869973,0.05998996638747598,0.059831554442695396
827,1.4667498244408348,1.653188670938461,0.05989826135438535,0.059976517831479115
828,1.4672852467983197,1.6538889466912052,0.059878837339401296,0.06007352862508711
829,1.4678087551212378,1.6547120181102644,0.05984301154579182,0.06007140906674286
830,1.4682180453114275,1.6554634685242309,0.05987284747979718,0.06005279681320771
831,1.4687916646274042,1.6561215760943546,0.059860827759929146,0.06015643721167078
832,1.4693776687748015,1.6568389850406584,0.05985175471837906,0.06032639470405537
833,1.4698658731011804,1.6576588872716675,0.05979963182057402,0.060453910814972124
834,1.4704233757655754,1.6584315603252369,0.059792921481928336,0.06062137916534363
835,1.4709649800703803,1.6591159600019403,0.05978261011314696,0.06085462731230066
836,1.4715034309602604,1.6596670120046668,0.05990014457240914,0.06095562109237485
837,1.4719206798033035,1.6604347304190212,0.05996252239152377,0.06124560977626922
838,1.472383810283158,1.6610779605264727,0.05994372602909216,0.06139140159261297
839,1.4728991725021863,1.6617727370091597,0.05995381046494896,0.06148274341937386
840,1.473381764151586,1.6623968943614003,0.05990759684662485,0.06166002092037908
841,1.4737951088473085,1.663058941630933,0.05998168849799399,0.061772837229480446
842,1.4743530973983974,1.66386079508047,0.06005425456307662,0.062163844393605554
843,1.4748884238610025,1.664450463304592,0.06000476760238906,0.062275041714502745
844,1.4753960477236239,1.6651959485337344,0.059850206296780485,0.06241095477124682
845,1.4759761512050722,1.6658589158429304,0.060028592419001554,0.06267989677253613
846,1.4764617901580601,1.6665600317021005,0.060096267889349096,0.06288303574038105
847,1.477044139999524,1.6673411705473467,0.06005202698994861,0.06313657087502739
848,1.4773614769778463,1.6680453896756584,0.0601445260202563,0.06312904772918447
849,1.4778077265396166,1.668558301475125,0.06013389151712502,0.06342644911928104
850,1.4784027846384193,1.6694965791156333,0.0601001850516304,0.06355747046165426
851,1.478828683051226,1.6702179654682654,0.060177130714363425,0.06365557757888372
852,1.4792591877329002,1.6709967589260595,0.06033807826715245,0.06374720531906403
853,1.479932787143212,1.6717930103491805,0.06024612550824327,0.06373613129450435
854,1.4804938398751657,1.6727167716001619,0.06027034815794946,0.06418307721174864
855,1.4810088075020695,1.67350965638124,0.060418728692079295,0.06422461322158213
856,1.4815787570573458,1.674204639832884,0.060481884712795426,0.06443723176197018
857,1.4819517076983721,1.6749255215534746,0.06068641137942526,0.06467684552934225
858,1.4825867834687076,1.6755408467388717,0.060654879562750355,0.06479431572230701
859,1.483083963550294,1.6762870007390114,0.06078883894044999,0.06505759438727379
860,1.483610565659459,1.6771063473656083,0.06074531958177772,0.06530140187102047
861,1.4840386698334804,1.6777911495655018,0.06060881009257609,0.06557463652944798
862,1.4846059946134054,1.6786088373349,0.060603806169275395,0.06566974574373602
863,1.485246173170299,1.679480652132335,0.06068548872636042,0.06596797072777959
864,1.4858715894609908,1.6802103783688844,0.06078992434840834,0.06621417700093414
865,1.4863531269342738,1.6809999836444967,0.060836336989102915,0.06627168911290694
866,1.4869071183878606,1.681700953110451,0.06087227521021501,0.06648286660585988
867,1.4873752739137387,1.682530446055735,0.06102702781255386,0.06663464814596722
868,1.4879574174027521,1.683171086891594,0.06105580702248715,0.06669821052819229
869,1.4885277257390077,1.6838837734742393,0.061024160752781983,0.06679842609843235
870,1.4890233515854272,1.68447467959099,0.060964412549913825,0.0670897598554955
871,1.48964959457628,1.6850142219708595,0.061079992422938274,0.06727340986121978
872,1.4903121966394468,1.685748576785846,0.06120493070594078,0.06745370843103837
873,1.4908888321228715,1.686318540696427,0.06137580018369887,0.06752080309327349
874,1.4913276995147948,1.6868734599679533,0.06144387360665265,0.06788323838171904
875,1.4918706134665367,1.6874751936011159,0.06159220435112289,0.06804942909311008
876,1.4924250486192445,1.6881087624923266,0.06153283849992361,0.06832299327252103
877,1.4929406305114477,1.6887235041726512,0.061618134892261145,0.0685773130066949
878,1.493464286252378,1.6895034062313927,0.06174312275902489,0.06846956161568925
879,1.4940369823653594,1.6900146261028905,0.061779680766016455,0.0685394318322221
880,1.4947767243462116,1.6908685516565902,0.06193725201692675,0.06863105253589132
881,1.49541954819631,1.69160740283752,0.06200638778518957,0.06865222099295462
882,1.4959871838992396,1.692213733321465,0.062092045389606484,0.0686341248286694
883,1.496570233370911,1.692913013339328,0.06220644496422566,0.06874384837952514
884,1.4971679531738686,1.6934684841900427,0.062260477228376326,0.06901083317972768
885,1.4977027512373011,1.6942816142329553,0.06238384303457183,0.06922696006319774
886,1.4982979058314116,1.6950497496130688,0.062482224576571384,0.06929528991876022
887,1.498946025956013,1.6958601874274946,0.06248650364663933,0.06939817043132886
888,1.4995632294877308,1.696538689567163,0.06260797840229539,0.06959101041793178
889,1.5001097516690303,1.6971598809977382,0.06270637847632651,0.06964825056427108
890,1.5006635869978906,1.6977458238514453,0.06285894256685873,0.0697992911247722
891,1.5012813163614664,1.6984344507347542,0.06294575937945268,0.07000161558335861
892,1.5018036216580615,1.6989600610284148,0.06300582224291794,0.0700918627279505
893,1.5024507457227536,1.6995630495132763,0.06324857550755224,0.07004771174026472
894,1.5029775682634485,1.7003367463345613,0.06338413907527718,0.07000060019494393
895,1.5035462335198326,1.7009038832826775,0.06346319943099943,0.07004502193838427
896,1.5041918408374273,1.7015612661860025,0.06349489448036735,0.07026031883262822
897,1.5047673947645828,1.7021608625514544,0.06354478278585184,0.07037657139089842
898,1.5051770676820961,1.7028522223715599,0.06349426221425904,0.07058916402683056
899,1.5057659681441393,1.703450428581332,0.06358993667000905,0.07060876070252103
900,1.5062199753185868,1.7039756279805223,0.06375728197974562,0.07068276680371688
901,1.506672689121336,1.7044943446072147,0.06374814486546433,0.07067114250221643
902,1.507344859614271,1.7051404860367705,0.06384382045942111,0.07071908796996083
903,1.5080036497419436,1.7057781732280464,0.06379575597144184,0.07080085950794401
904,1.50850653965259,1.7064261815474406,0.06396235065250071,0.07104061345009145
905,1.5090987441561043,1.7070374303857967,0.0639707437384936,0.07089895154289945
906,1.5097930826716237,1.7076238888420319,0.06399731141440418,0.07115968364417857
907,1.5101758076838374,1.7083822773409392,0.06408994120627885,0.07126382677597433
908,1.5108124225075215,1.709083680102497,0.06414898732234668,0.07136633731402588
909,1.5115409971521026,1.7096879161376737,0.06416770562817521,0.07134158527451995
910,1.5121626065295468,1.7104164200052383,0.06426158607813175,0.0714296923475068
911,1.5127499025443125,1.7111409402795135,0.06438382993623543,0.07150597910667
912,1.5132888887930116,1.711741699790973,0.06448208480241825,0.07165374483684951
913,1.5138355784568631,1.7123322737438955,0.06467419819316596,0.07183636793620085
914,1.514321452801309,1.713086734403231,0.06481652681405246,0.0720605298953988
915,1.5149794706356814,1.7137427188036736,0.06504671957018372,0.07213340969137351
916,1.5154308824787568,1.71457891221697,0.06512276016014279,0.07214716785745108
917,1.5159714080831745,1.715222404042879,0.06527871882702292,0.0721881915193994
918,1.516466080420696,1.715870292313089,0.0653840788674694,0.07238485770864271
919,1.5169887618017537,1.7164285898013079,0.06554020427148279,0.07261041657891007
920,1.5174986559641364,1.7170259545977213,0.06548476479169782,0.07266482305042757
921,1.518058992783109,1.7175969305327627,0.06554460783159502,0.07266607266361184
922,1.5186220196461477,1.7181696724508253,0.0656415033940963,0.07271394159865688
923,1.5192196998764547,1.718748506422069,0.06566668967093815,0.07269219336267606
924,1.5198794873721726,1.7195045612412596,0.06585222090746333,0.07270481564589597
925,1.5203948144725155,1.7200996121945418,0.06600104066831895,0.07284697143716311
926,1.5209318660431628,1.7207093300008265,0.06604318032932409,0.07303723587411272
927,1.5214892190951388,1.7216227174045127,0.06619139571828458,0.07295297896923388
928,1.5220759546210099,1.7223461550204724,0.0663383899638549,0.07311692493859434
929,1.5225872773195337,1.7229076055029795,0.06639978493595498,0.07336905840984506
930,1.523174047032887,1.7236056451216208,0.06648820436640374,0.07349441353403866
931,1.5237860234682135,1.724337792487126,0.06649364507277172,0.0736188863079304
932,1.5243837897568844,1.7252322714151322,0.06659852410290897,0.07376690312637199
933,1.524922335903707,1.7258412365659308,0.06671249506234166,0.07359618819124708
934,1.5254096728464128,1.7264570600153295,0.06663870375601295,0.0736871240374304
935,1.5260093678880908,1.727081080051517,0.06669787106491654,0.07353056806199502
936,1.5265451642225187,1.7277634342246635,0.06669408995036923,0.07369953850826935
937,1.5271333194791012,1.7283763246417616,0.06674831433389666,0.07386502938473866
938,1.5277564481838501,1.7291505541216123,0.06668642533087997,0.0738366918132848
939,1.528252459578497,1.7299034355205725,0.06683075274532156,0.07389665185380012
940,1.5288246665358503,1.730702384810729,0.06686552077119406,0.07387900350649129
941,1.5295003811999632,1.731470847725914,0.06698557571801957,0.07407682230289714
942,1.530016443087751,1.732187528868564,0.0670300775315793,0.07410343440081876
943,1.5305842771952822,1.7329196034309666,0.06710481353939661,0.07408583232983516
944,1.53106474118032,1.7336938491788927,0.06708180780459269,0.07406764047803865
945,1.5316109307180783,1.7344039198072694,0.06732279876463378,0.07411853594846998
946,1.5321933714831417,1.7350496248313063,0.06729917270172543,0.07406850087911776
947,1.5325671934079204,1.735821986817015,0.06718673625825035,0.07418629825367822
948,1.53314582658213,1.736438391831652,0.06730604974137178,0.07420476104314011
949,1.5337507493954445,1.7370559899231994,0.06733167475705913,0.07448202319215334
950,1.5342569693784833,1.7377125745730169,0.06729371172197193,0.07441649656349371
951,1.5346809426564116,1.738231283525915,0.06734219549098994,0.0744282371936091
952,1.5351404773876112,1.7387711871373015,0.0673656998481475,0.07429720105289664
953,1.5356386406750813,1.739474481098071,0.06753840220684577,0.0743225498457974
954,1.5361111856084548,1.7400856463569203,0.06777779882820786,0.07437681041292436
955,1.536670881759196,1.7406977194199316,0.06789621183738175,0.0744855383091131
956,1.5370730313610779,1.7413074054085949,0.06799683335626441,0.07452319845045646
957,1.5375567189099695,1.7418007067124524,0.06793966100692855,0.07475175936207108
958,1.538005188180347,1.7426402545968427,0.06810079207089648,0.07485769174941902
959,1.5385644913339285,1.7432736514374907,0.06833660773881182,0.07498011057692174
960,1.5392186919346325,1.7439060891759872,0.06836722040940169,0.07510446611655122
961,1.5397211681382748,1.7444933027764549,0.06837553395104756,0.07511015291837046
962,1.5402367664595096,1.7451314159267097,0.06844396763506472,0.07515399040523409
963,1.540693614528123,1.7457926422275005,0.06850596012785455,0.07527097289028575
964,1.5411258348762749,1.7463709403365706,0.06837737193738062,0.0752973247812806
965,1.5417184348928268,1.7469836819781372,0.06857738133707457,0.07550196767907104
966,1.5421883026158134,1.7477961596898215,0.06874299219743683,0.07554144132264505
967,1.5427858867944102,1.748467056367675,0.06896267526209661,0.0755270456869693
968,1.543399029437061,1.7491558003560692,0.0690165276682226,0.07563230679035053
969,1.5441002990593704,1.7499419734569153,0.0689882850592403,0.07580041633134951
970,1.5445926455492964,1.750729169014352,0.06892335221842849,0.07607435350534972
971,1.545087556890642,1.751504812068129,0.06919447577894199,0.07623019277670667
972,1.545563796122179,1.7521187453879603,0.06940097317686889,0.07653417922681713
973,1.5460864487831583,1.752672982750649,0.0693998722499932,0.0764987062464878
974,1.5466238148121816,1.7532811521430156,0.0693773567739483,0.07655054132660341
975,1.5472043570936134,1.7540205401241353,0.06942415102569002,0.0766716552184957
976,1.547907498446593,1.7546554078827072,0.06954947578283792,0.07667303790755094
977,1.5484409185756394,1.755369499344515,0.06964763978517968,0.07673523598963902
978,1.548909189626732,1.755998261382604,0.06962322018390377,0.07678083291279823
979,1.5492580548702595,1.7566428552246802,0.06966021309996281,0.07674031440235168
980,1.5499741335263735,1.7572804635918344,0.06967166023765246,0.07686178175238464
981,1.5506234409837507,1.7580394619280988,0.06979359042341776,0.07697083117348334
982,1.5512332158408766,1.7588248009087442,0.06996093387312932,0.07687746414650753
983,1.5516866770481934,1.7594290630723644,0.06989578521636403,0.07701812607942515
984,1.552180995111617,1.760151329995847,0.06987859233540408,0.077219309626938
985,1.5526824435349016,1.7607309088550525,0.06988981573012554,0.07720470619037648
986,1.553347734856973,1.7613440586400053,0.06997902172297675,0.0773941757835949
987,1.5538075256993904,1.7620173202179474,0.07014349325344015,0.07730570740101461
988,1.5544023829635316,1.7627122804024027,0.07015170590223342,0.07730206703353135
989,1.5549814475533212,1.7632705023351682,0.07035609730892789,0.07734661392220309
990,1.555498037805142,1.7637393894277305,0.07048109202775,0.07744734555159077
991,1.556017845406907,1.7642658111893907,0.07055983814643893,0.07759028114956815
992,1.5565732631718956,1.7646174761574116,0.07066992795251216,0.07774431366686205
993,1.5569243316705956,1.7651512043403677,0.07079800286229136,0.07788859531313724
994,1.5574009383873753,1.765740659405026,0.07085779226780102,0.07789196396322272
995,1.5581972218402036,1.7661737919475948,0.0708571309755034,0.07798089388383314
996,1.558784369359123,1.7667253225478432,0.07070014260466456,0.07812769338161141
997,1.5593956112056195,1.7671953194380143,0.07077324373377264,0.07830285437778164
998,1.5599661815100714,1.7677532301493772,0.07092368227071348,0.07824666011487078
999,1.5605755617901718,1.7683312173406527,0.07104308212589283,0.07840867503275005
1000,1.5610669607460352,1.769022354691708,0.07104658190020445,0.07850341333383652
1001,1.561872864190891,1.7697296674769307,0.07113133249433147,0.07870387053756596
1002,1.5624465307089448,1.7704542871310494,0.07130780142616984,0.07899823703834799
1003,1.5631446732683418,1.771059066393497,0.07118029595512715,0.07928350124767282
1004,1.5637030869405615,1.7716531340840131,0.07116472717582423,0.07944421592592582
1005,1.5644569433040882,1.772076022803798,0.07115367221161217,0.07947306713127468
1006,1.565116516871558,1.772765124939653,0.07114494246189093,0.07950158483009903
1007,1.5657131666956081,1.7734384413444675,0.07124110264377456,0.07969805857249747
1008,1.5664407049385665,1.7741722527515478,0.07141994446729176,0.07995722060538064
1009,1.567009141516169,1.7749118461318352,0.07143908419345833,0.08016507855395001
1010,1.5676279016329975,1.775661525019072,0.07149125376829825,0.08028083146404279
1011,1.5682377698323888,1.7764082581083747,0.07173103583943828,0.08049374502451158
1012,1.5687175001659568,1.776941518022901,0.07171250141886919,0.0804693863087049
1013,1.5693007141209976,1.7776082717494084,0.0716558366894502,0.08053369906409866
1014,1.569854075202652,1.7781032541178496,0.07165476201017598,0.08040980154061053
1015,1.570571688316871,1.7788191102759279,0.07176842174463184,0.08059564694550365
1016,1.5710568563949345,1.7794509675683867,0.07172590294771163,0.08058662121890572
1017,1.5716020153704051,1.7800689515035975,0.0715209114699255,0.08084795455568096
1018,1.5722433531500022,1.7807210941782372,0.07168258588235321,0.08095963491673287
1019,1.572831173684379,1.7813030247948856,0.07185669297730715,0.08117918581508814
1020,1.5736145489800375,1.7818650446076154,0.0719458154336195,0.08127466303940578
1021,1.574176158316216,1.7823871163715581,0.0720553769716646,0.08142994053016726
1022,1.574731097962256,1.783073724874076,0.07213092932410688,0.08161314681734382
1023,1.575204451985046,1.7837457196884978,0.0722562437140228,0.08169582384806905
1024,1.5757011704999189,1.7842928689687978,0.0723687563874665,0.08171287659355596
1025,1.5762442320141477,1.7850247911323212,0.07243377599872594,0.08184155345561062
1026,1.5769710794807263,1.7855757356855955,0.07255403685781503,0.08193921126546892
1027,1.5774008064351792,1.7859644893996838,0.07274133467561644,0.0819852443696999
1028,1.5779035002176784,1.7864432117453375,0.07280273806230073,0.08219411767454135
1029,1.5784778535625312,1.78705062941121,0.0728570215536821,0.08246241763623478
1030,1.5788941354913493,1.7876817803391256,0.07296013531490639,0.08260680044054067
1031,1.5794714480221614,1.7883862295372175,0.07299289252315577,0.08253915735565245
1032,1.5800244252487088,1.788920740184559,0.07310928719165341,0.08264427368950034
1033,1.580394447302251,1.7896980595821517,0.07317617436673056,0.08268915659375822
1034,1.5811128196477244,1.7901465561088683,0.07324127469049171,0.08266599674776871
1035,1.5816272622280636,1.7906167180156396,0.07328279401773823,0.08271609327109407
1036,1.582172669125885,1.7911593524231801,0.07341075151032435,0.08291604938619473
1037,1.5827760567718199,1.7917256362679095,0.07352195167307667,0.0831406213688299
1038,1.583279965168656,1.7922960702342658,0.07352152758390085,0.0832675020378221
1039,1.583894483261469,1.7928411097279109,0.07368668275537828,0.08318446361236252
1040,1.5844352617193187,1.7932825813931863,0.07373343982950256,0.08320439098267995
1041,1.5849313070422044,1.794008820269675,0.07365061849933553,0.08316273442852996
1042,1.5855134867381602,1.7947012166921348,0.07376537172722011,0.08323961347644866
1043,1.5861854975452874,1.7953280653016008,0.07398673024982162,0.08319150025033026
1044,1.5867764512883724,1.7959974846302074,0.07398982125381763,0.08348128814987989
1045,1.5874218988723723,1.7967139647014283,0.07416613849836882,0.0837832998286228
1046,1.588008301480277,1.7972587657987795,0.074339147672586,0.08385946731463484
1047,1.5886925479876088,1.797980206809082,0.0744849495740866,0.08393671299273618
1048,1.5892425607892702,1.7986024655527177,0.07446332033462155,0.08407653783106148
1049,1.5898662482667039,1.7991399768351533,0.07460449531086746,0.08398376795708629
1050,1.5904414417854915,1.7996006172673757,0.07469111834467364,0.08404170791079225
1051,1.591046376635492,1.8002461314712417,0.07481490785173432,0.08410021808815112
1052,1.5915828179105018,1.8009892235262916,0.07504659520189806,0.08413053163150355
1053,1.592117181411399,1.8014453670187358,0.07508905576977322,0.0842583156217014
1054,1.592776404165428,1.802181985805934,0.07506567773624281,0.08441948163618895
1055,1.5934005912159193,1.8027537286348754,0.07496712782119158,0.08460004670745437
1056,1.5940152557725407,1.8031434024477455,0.07509063857260871,0.08457528308240307
1057,1.594688507657138,1.803789983059138,0.07514894717974989,0.08468724839527147
1058,1.5953064060249287,1.804562440040507,0.07512459400398441,0.08486754081276726
1059,1.595993507459979,1.805118654604152,0.07514152107158792,0.08486182582272114
1060,1.5965631700968563,1.805582326952786,0.07529191184767384,0.08504232718283808
1061,1.5969986455121545,1.8062294313424352,0.07536243339466159,0.08508408482174927
1062,1.597531376696979,1.8069360603453777,0.07547069243092844,0.0850715774694297
1063,1.5981803715583096,1.8075281781019097,0.07561018457871914,0.08511588829945686
1064,1.5986892836901534,1.8082233859291816,0.07558954726140557,0.0849993349530912
1065,1.5993335727962688,1.8088639942737377,0.07575399105712563,0.084865910666167
1066,1.6000073069476823,1.8094513794892781,0.07577426818532712,0.08497995928693197
1067,1.600704596306499,1.8100556379922494,0.07594879690090452,0.0851525682309473
1068,1.6012183341978696,1.810592764605846,0.07604365020519564,0.08536218904082148
1069,1.6018704531869314,1.8111010472764,0.07619725658801071,0.08535498110903204
1070,1.602470384753406,1.8116448243711936,0.07619709936090982,0.08538413959067669
1071,1.6029152103486597,1.812246382597614,0.07643374995784612,0.08551605418833418
1072,1.6035459669814909,1.8130446160010778,0.07636909799541568,0.08573213024728384
1073,1.6041006402352176,1.8137081848344467,0.07650304493946773,0.08570303720208035
1074,1.6047904175572645,1.8144197097298242,0.07670493696232493,0.08569685454235147
1075,1.6054656308470265,1.815027366577091,0.07674437732954956,0.085720773641744
1076,1.6060321029534916,1.815643743935452,0.07671932057385239,0.08583260210659209
1077,1.6065041485691034,1.8163045641391864,0.07672043512626138,0.08575804954895236
1078,1.6069943014444408,1.816962654775059,0.07689237921063165,0.08572714584009063
1079,1.607525925438122,1.817623951355899,0.07687546269053053,0.08582534259725394
1080,1.6081691412861543,1.8182683270594184,0.07706288353499209,0.0859176947653809
1081,1.6088533421961924,1.818823324487384,0.07703521676410095,0.08599070198478598
1082,1.609294710686724,1.8194065425703874,0.07710063790770219,0.08614436646924009
1083,1.6098313571150757,1.8199162055121179,0.07704106926130631,0.08601988754579024
1084,1.6105857310544485,1.8205185612479733,0.0769791001903241,0.08619144963387816
1085,1.6111809344757342,1.821151269397374,0.07700967561340098,0.08643677167407693
1086,1.611617320287165,1.8217218093702292,0.0770976361130026,0.08641631417138548
1087,1.6122017541325935,1.8223539777692312,0.07714212534638822,0.08629543345983266
1088,1.6127396859086354,1.823044977755074,0.07733581918614779,0.08637468038236401
1089,1.6132737364544036,1.8235978411949227,0.07742328077963628,0.08645126013933965
1090,1.6138056290718357,1.8241110582002407,0.07742779725718256,0.08644976365758501
1091,1.6143131701224749,1.8247844144884753,0.07756712701764854,0.08645006717912629
1092,1.6148778473751626,1.8254323008496445,0.07764306046142473,0.08632853972436001
1093,1.6155571543998073,1.8259820414616035,0.07760332518449044,0.08644311643086494
1094,1.6158635906978405,1.8264901633763868,0.0775972179385741,0.0866987203117337
1095,1.6163936414104108,1.8271680147660854,0.07758551368052287,0.08690859672767844
1096,1.6169852307575068,1.827903192823124,0.07769485802256859,0.08698091871269886
1097,1.6174368041967386,1.8285731866555273,0.07766653682924442,0.08707516016319342
1098,1.6178371494587336,1.829200468911496,0.07750009483400648,0.08708913750362739
1099,1.6183567296983805,1.8298137006684283,0.0773537670305744,0.08714443494963314
1100,1.6190812652625057,1.830331240253303,0.07736827622479787,0.08718631071717793
1101,1.619472086211424,1.83086481873943,0.07740995230787862,0.08707747315967246
1102,1.6202783841427426,1.8313684204568619,0.07743218486206704,0.08714555869571079
1103,1.6208799610939797,1.8319076407204127,0.07741684087747086,0.08721121713294318
1104,1.6214744952390538,1.832482999698362,0.07751673420295233,0.08726982968265218
1105,1.6221290280233496,1.8329805026359376,0.07748016117288838,0.0874746314363529
1106,1.6226979224482114,1.8336681313327394,0.07746396198044055,0.0875629752248064
1107,1.6232282837928806,1.8342648122729555,0.07744587438207176,0.08760838442525211
1108,1.6240709268691478,1.8348528122845278,0.0773229784788188,0.08776665722245766
1109,1.6246970355204948,1.8354179047561332,0.07735954255918348,0.08799735275509113
1110,1.6253784898034653,1.8362414361370112,0.07733782265773498,0.08820638958027743
1111,1.6260193043760685,1.8368224004840203,0.0772815303422122,0.08849689207290863
1112,1.6266161319150045,1.8373763508240097,0.0770919163744853,0.08863208353248625
1113,1.6272394018080465,1.8379646252763056,0.07710149460675944,0.08886358322970417
1114,1.6279532883151107,1.8386094459734834,0.07706550352109524,0.08909404019527396
1115,1.628667762694211,1.8392282736620011,0.07711250718298802,0.08917541610677393
1116,1.6293463618179147,1.83988182877397,0.0771390281350754,0.08937447244119702
1117,1.6298805051074245,1.840456619099278,0.07725831047451848,0.08947902908273185
1118,1.6305650138859553,1.8409975624716517,0.07720328374151006,0.08967694460932871
1119,1.631089393091374,1.8416104889192153,0.07731747889339692,0.08956337125376658
1120,1.631653214189746,1.8423854168131688,0.07718514064645932,0.08983178799975494
1121,1.632327048007738,1.8429214358952342,0.07718205430788354,0.0899333500754159
1122,1.6331306203333538,1.8435219174162487,0.07735382015054815,0.09008923194526762
1123,1.6338337469905415,1.8442045202660686,0.0775267289570056,0.09028037072294093
1124,1.6344934315763981,1.84485109789961,0.07744076157100842,0.09045117559242997
1125,1.635004539576738,1.8454874584684748,0.07746228420820057,0.09062952467522821
1126,1.6356638268173003,1.8461602137409505,0.0773401936461261,0.09071935777183453
1127,1.6362907782958986,1.8468416569845314,0.0773640685685822,0.0909477162239222
1128,1.6370726203362624,1.8474404648770308,0.07734460439742903,0.09108466529012246
1129,1.6379362268517335,1.847946548804988,0.07739547199461684,0.09134734922428742
1130,1.6384987429858138,1.8484638928139088,0.07734196103647384,0.09167434785383843
1131,1.639227198615282,1.849096922962494,0.07745943768198665,0.0917469692323466
1132,1.63985647862075,1.8497387469973512,0.07735211549578078,0.0919258339581485
1133,1.6405717082122977,1.8504595283775773,0.07734756828002816,0.09210920800971661
1134,1.6411298538522712,1.8509214747454472,0.07722962409975667,0.0920477931515199
1135,1.6417083271483461,1.8514945638694607,0.07716910708610686,0.09217132984146097
1136,1.6425003292435298,1.8521713184705644,0.07703952073025594,0.0922858711858992
1137,1.6432373492659986,1.8528651593900716,0.07704334793246599,0.09231492545100321
1138,1.6439760271120674,1.8534972058332457,0.07729499434088148,0.09244938559749351
1139,1.6446475253029462,1.854074323615655,0.07738614016792161,0.09250641193459086
1140,1.6452341587861752,1.8549063419329141,0.07722586168564753,0.09305085396117467
1141,1.646051083646981,1.8554355124341588,0.07731383995864836,0.0931831140116896
1142,1.6466267848838894,1.8559824375048881,0.07732688525770463,0.09334690302652537
1143,1.6471701945981707,1.8565826293922685,0.07727586239312874,0.0937393783609224
1144,1.6479652733217958,1.8571809896225713,0.07737540838762928,0.09403256146653378
1145,1.6486414025077771,1.8577847876890854,0.07721617699231215,0.09407586518883287
1146,1.6492678230177953,1.8583885201924053,0.07721645775236594,0.09416216922056884
1147,1.6500013728879694,1.859146987873261,0.07744252932534784,0.09441110593484248
1148,1.6507329106231914,1.8595908734328472,0.07747894867102786,0.09458069359533114
1149,1.6514592064573166,1.8602849598733144,0.07753175196888326,0.09460554891190476
1150,1.6520743540607201,1.8608665344678366,0.07772191840438697,0.0947904170323138
1151,1.6527917034411248,1.8613973503079024,0.07780770391313406,0.09483926309697752
1152,1.6533329070365854,1.8620623420793576,0.07778924938091411,0.09514165124367305
1153,1.6541006152392492,1.8627941057539303,0.07781770959747031,0.09532747338222138
1154,1.6548303079539288,1.8634183172753829,0.07784564517886033,0.09549905173475876
1155,1.6557505822792526,1.8639416026203728,0.07789512200425504,0.0958053107636268
1156,1.6563042372039767,1.8644937851047383,0.07788661024574378,0.09599884371606619
1157,1.6570452459425054,1.8652032063219233,0.07804192924222648,0.0960820209441
1158,1.6577505795522924,1.8658110460327963,0.07810946880099381,0.09621654612170857
1159,1.6584052102508213,1.8664194313894051,0.07798709983850524,0.09637769746314716
1160,1.6590603866852889,1.8672147713228935,0.07806740673093601,0.09657429206619383
1161,1.6598244578538088,1.8678053523075164,0.07819095770491431,0.09691012336380099
1162,1.66073943777865,1.8683578538347396,0.07817786627935953,0.09703732058034409
1163,1.6614548531729552,1.8690804410328956,0.07828208801552608,0.09741030574646063
1164,1.6620272358688626,1.8697994623728695,0.07825586731278651,0.09752525860336121
1165,1.6625641729896408,1.8703358297893709,0.07849383153484711,0.09759659565882482
1166,1.6631231937035926,1.8710835346327832,0.07851903631000265,0.09782954812998178
1167,1.6639032166044343,1.8717416467787675,0.07879780687356515,0.0980442926602854
1168,1.6645091847833984,1.87251225094996,0.07877815083755647,0.0982307570438786
1169,1.6652624549748147,1.8731382282587574,0.07891762826467534,0.09851637031260418
1170,1.6659905653366318,1.873797013449353,0.0790192050169163,0.09852234046336279
1171,1.6666171709665978,1.874425786547269,0.07912541453740067,0.09860292351387394
1172,1.6673247663614807,1.8752063992860835,0.07922087339076303,0.09897678339111822
1173,1.6679697140261749,1.8759898595331341,0.07931829812681195,0.09924191195547018
1174,1.6686246707455283,1.8767443306489346,0.07938213365465778,0.09939394929493124
1175,1.6691739188480925,1.8773337195012272,0.07953987285032664,0.09959977427317974
1176,1.6698105428532104,1.8780401222020884,0.07971066000224729,0.09979098904057128
1177,1.6704817012882032,1.8785882332110244,0.07989158487152415,0.09997097079091918
1178,1.6711442756014747,1.8791584276374633,0.08005883563399581,0.1000097065234143
1179,1.6718669207736434,1.8798760112928168,0.08021393599007436,0.10016511318545113
1180,1.672465322776394,1.8805753283921194,0.0803887124470801,0.10023884760183199
1181,1.6731416629577103,1.8812994117387978,0.08038155202531326,0.10048524673045377
1182,1.6739468176883816,1.8819721024285943,0.080328449190906,0.10055859542641714
1183,1.674697677798006,1.8827476302342867,0.08035568395214836,0.10076675084575412
1184,1.6752764196063572,1.8833911742558842,0.0804720836302507,0.1009082598551935
1185,1.6760973573332663,1.8841341661078044,0.0806790887652587,0.10108170846626574
1186,1.6768116878842525,1.8848268292904624,0.08093344931237542,0.10111228353412503
1187,1.677478771831288,1.8855615603881208,0.08109132160382816,0.1012989593066323
1188,1.6781828085025436,1.8861945052905509,0.08127335206871986,0.10144127165595553
1189,1.6789121159322062,1.8871572246886514,0.0815944035923312,0.10163321488782476
1190,1.6795218633852904,1.8878815741054205,0.08169906514416278,0.10195102010437064
1191,1.680154164888561,1.8885907495542946,0.0817502558480158,0.10208481282130473
1192,1.6807382597929006,1.8894486747087773,0.08196980830181252,0.10222556571063518
1193,1.6815039809388805,1.8900617594218132,0.08205391452943425,0.10238390646619203
1194,1.6820607632127655,1.8909126437968609,0.0821506877018879,0.10255726617495468
1195,1.682652981156686,1.8915090740846778,0.08222168418705696,0.10268960782319127
1196,1.6832754840906174,1.892351769007197,0.08214361952018162,0.10277115739902297
1197,1.6838928882804707,1.8929251867170054,0.08248937364078647,0.10306744693996223
1198,1.684499784362158,1.8935753382501606,0.08261199399374755,0.1031720565985261
1199,1.6850874609478783,1.8943133175790872,0.08283327546402475,0.10336041167661907
1200,1.6857515005290864,1.8950913690210904,0.08269485792364323,0.10360629781933664
1201,1.686292890850301,1.8958333391537199,0.08273167101033752,0.10375694067437889
